Cell,Lineage Name
AB,Za
ADAL,Zaplapaaaapp
ADAR,Zaprapaaaapp
ADEL,Zaplapaaaapa
ADER,Zaprapaaaapa
ADEshL,Zaarppaaaa
ADEshR,Zaarpppaaa
ADEsoL,Zaarppaaapaa
ADEsoR,Zaarpppaapaa
ADFL,Zaalpppppaa
ADFR,Zapraaappaa
ADLL,Zaalppppaad
ADLR,Zapraaapaad
AFDL,Zaalpppapav
AFDR,Zapraaaapav
AIAL,Zaplppaappa
AIAR,Zaprppaappa
AIBL,Zaplaapappa
AIBR,Zapraapappa
AIML,Zaplpaapppa
AIMR,Zaprpaapppa
AINL,Zaalaaaalal
AINR,Zaalaapaaar
AIYL,Zaplpapaaap
AIYR,Zaprpapaaap
AIZL,Zaplapaaapav
AIZR,Zaprapaaapav
ALA,Zaalapppaaa
ALML,Zaarppaappa
ALMR,Zaarpppappa
ALNL,Zaplapappppap
ALNR,Zaprapappppap
AMshL,Zaplaapaapp
AMshR,Zapraapaapp
AMsoL,Zaplpaapapa
AMsoR,Zaprpaapapa
AQR,Zaprapapaaaap
AS1,Zpapa
AS2,Zppapa
AS3,Zpppapa
AS4,Zppppapa
AS11,Zaplapappaapa
ASEL,Zaalppppppaa
ASER,Zapraaapppaa
ASGL,Zaplaapapap
ASGR,Zapraapapap
ASHL,Zaplpaappaa
ASHR,Zaprpaappaa
ASIL,Zaplaapapppa
ASIR,Zapraapapppa
ASJL,Zaalpppppppa
ASJR,Zapraaappppa
ASKL,Zaalpppapppa
ASKR,Zapraaaapppa
AUAL,Zaalpppppppp
AUAR,Zapraaappppp
AVAL,Zaalppaaapa
AVAR,Zaalaappapa
AVBL,Zaplpaapaap
AVBR,Zaprpaapaap
AVDL,Zaalaaapalr
AVDR,Zaalaaapprl
AVEL,Zaalpppaaaa
AVER,Zapraaaaaaa
AVFL/R,Zpaaaa
AVFL/R_2,Zaprapaapaaaa
AVG,Zaprpapppap
AVHL,Zaalapaaaaa
AVHR,Zaalappapaa
AVJL,Zaalapapppa
AVJR,Zaalapppppa
AVKL,Zaplpapapap
AVKR,Zaprpapapap
AVL,Zaprpappaap
AVM,Zaprapapaaapaa
AWAL,Zaplaapapaa
AWAR,Zapraapapaa
AWBL,Zaalpppppap
AWBR,Zapraaappap
AWCL,Zaplpaaaaap
AWCR,Zaprpaaaaap
B,Zaprppppapa
BAGL,Zaalppappap
BAGR,Zaarappppap
BDUL,Zaarppaappp
BDUR,Zaarpppappp
C,Zppa
CA1,Zpppaapa
CA2,Zppppaapa
CA9,Zaplapappaaapa
CANL,Zaalapaaapa
CANR,Zaalappappa
CEMDL,Zaplaaaaaap
CEMDR,Zaarpapaaap
CEMVL,Zaplpaapapp
CEMVR,Zaprpaapapp
CEPDL,Zaplaaaaappa
CEPDR,Zaarpapaappa
CEPVL,Zaplpaappppa
CEPVR,Zaprpaappppa
CEPshDL,Zaarpaaaapp
CEPshDR,Zaarpaaapap
CEPshVL,Zaplpaaapap
CEPshVR,Zaprpaaapap
CEPsoDL,Zaalapapppp
CEPsoDR,Zaalapppppp
CEPsoVL,Zaalppaappp
CEPsoVR,Zaalaapappp
CPO,Zppaap
CP1,Zpppaapp
CP2,Zppppaapp
CP9,Zaplapappaaapp
D,Zpppa
DA1,Zaprppapaap
DA2,Zaplppapapa
DA3,Zaprppapapa
DA4,Zaplppapapp
DA5,Zaprppapapp
DA6,Zaplpppaaap
DA7,Zaprpppaaap
DA8,Zaprpapappp
DA9,Zaplpppaaaa
DB1/3,Zaplpaaaapp
DB2,Zaarappappa
DB3/1,Zaprpaaaapp
DB4,Zaprpappapp
DB5,Zaplpapappp
DB6,Zaplppaappp
DB7,Zaprppaappp
DD1,Zaplppappap
DD2,Zaprppappap
DD3,Zaplppapppa
DD4,Zaprppapppa
DD5,Zaplppapppp
DD6,Zaprppapppp
DVA,Zaprppppapp
DVB,Zaplpapppaap
DVC,Zppaaapaa
DVE,Zaprppppapappap
DVF,Zaprppppapappppa
DX1/2,Zaplppppapplvda
DX1/2_2,Zaplppppapprvda
DX3/4,Zaplppppapalaa
DX3/4_2,Zaplppppaparaa
E,Zpap
EF1/2,Zaplppppapplvda
EF1/2_2,Zaplppppapprvda
EF3/4,Zaplppppapalap
EF3/4_2,Zaplppppaparap
F,Zaplppppapp
FLPL,Zaplapaaapad
FLPR,Zaprapaaapad
GLRDL,Zpaaaaaaaal
GLRDR,Zpaaaaaaaar
GLRL,Zpaaapaaaad
GLRR,Zpaappaaaad
GLRVL,Zpaaapaaaav
GLRVR,Zpaappaaaav
G1,Zaprpaaaapa
G2,Zaplapaapa
HOL,Zaplaaappa
HOR,Zaarpapppa
H1L,Zaplaaappp
H1R,Zaarpapppp
H2L,Zaarppaaap
H2R,Zaarpppaap
HSNL,Zaplapppappa
HSNR,Zaprapppappa
I1L,Zaalpapppaa
I1R,Zaarapappaa
I2L,Zaalpappaapa
I2R,Zaarapapaapa
I3,Zpaaaaaaapaa
I4,Zpaaaaaapaa
I5,Zaarapapapp
I6,Zpaapaaapaa
IL1DL,Zaalapappaaa
IL1DR,Zaalappppaaa
IL1L,Zaalapaappaa
IL1R,Zaalaappppaa
IL1VL,Zaalppapppaa
IL1VR,Zaarapppppaa
IL2DL,Zaalapappap
IL2DR,Zaalappppap
IL2L,Zaalapaappp
IL2R,Zaalaappppp
IL2VL,Zaalppapppp
IL2VR,Zaarapppppp
ILshDL,Zaalaaaparr
ILshDR,Zaalaaappll
ILshL,Zaalaaaalpp
ILshR,Zaalaapaapp
ILshVL,Zaalppapaap
ILshVR,Zaarapppaap
ILsoDL,Zaplaapaaap
ILsoDR,Zapraapaaap
ILsoL,Zaalaaapall
ILsoR,Zaalaaapprr
ILsoVL,Zaalppapapp
ILsoVR,Zaarapppapp
K,Zaplpapppaa
K',Zaplpapppap
K.a,Zaplpapppaaa
LUAL,Zaplpppaapap
LUAR,Zaprpppaapap
M,Zpaaapaapp
M1,Zpaapaapaaa
M2L,Zaaraapappa
M2R,Zaaraappppa
M3L,Zaaraapappp
M3R,Zaaraappppp
M4,Zpaapaaaaaa
M5,Zpaapaaapap
MCL,Zaalpaaappp
MCR,Zaarapaappp
MI,Zaaraappaaa
MS,Zpaa
NSML,Zaaraapapaav
NSMR,Zaaraapppaav
OLLL,Zaalppppapaa
OLLR,Zapraaapapaa
OLLshL,Zaalpppaapd
OLLshR,Zapraaaaapd
OLLsoL,Zaalapaaapp
OLLsoR,Zaalappappp
OLQDL,Zaalapapapaa
OLQDR,Zaalapppapaa
OLQVL,Zaplpaaappaa
OLQVR,Zaprpaaappaa
OLQshDL,Zaarpaaaapa
OLQshSR,Zaarpaaapaa
OLQshVL,Zaalpppaaap
OLQshVR,Zapraaaaaap
OLQsoDL,Zaarpaaaaal
OLQsoDR,Zaarpaaaaar
OLQsoVL,Zaalppaaapp
OLQsoVR,Zaalaappapp
P0,Z
P4,Zpppp
P1/2L,Zaplapaapp
P1/2R,Zaprapaapp
P3/4L,Zaplappaaa
P3/4R,Zaprappaaa
P5/6L,Zaplappaap
P5/6R,Zaprappaap
P7/8L,Zaplappapp
P7/8R,Zaprappapp
P9/10L,Zaplapapap
P9/10R,Zaprapapap
P11,Zaplapappa
P12,Zaprapappa
PCAL,Zaprpppaaaaplppd
PCAR,Zaprpppaaaaprppd
PCBL,Zaprpppaaaaplpa
PCBR,Zaprpppaaaaprpa
PCCL,Zaprppppapaarpaaa
PCCR,Zaprppppapaalpaaa
PChL,Zaprpppaaaaplaa
PChR,Zaprpppaaaapraa
PCshL,Zaprpppaaaaplppv
PCshR,Zaprpppaaaaprppv
PCsoL,Zaprpppaaaaplap
PCsoR,Zaprpppaaaaprap
PDA,Zaprpppaaaa
PDB,Zaprapappaapa
PDC,Zaplapappapapa
PDEL,Zaplapapaappaaa
PDER,Zaprapapaappaaa
PDEshL,Zaplapapaappapp
PDEshR,Zaprapapaappapp
PdEsoL,Zaplapapaappapa
PdEsoR,Zaprapapaappapa
PGA,Zaplapappapapp
PHAL,Zaplpppaapp
PHAR,Zaprpppaapp
PHBL,Zaplapppappp
PHRB,Zaprapppappp
PHCL,Zaplappppppppaa
PHCR,Zaprappppppppaa
PHshL,Zaplpppapaa
PHshR,Zaprpppapaa
PHso1L,Zaplappppppaa
PHso1R,Zaprappppppaa
PHso2L,Zaplappppppap
PHso2R,Zaprappppppap
PLML,Zaplapappppaa
PLMR,Zaprapappppaa
PLNL,Zaplappppppppap
PLNR,Zaprappppppppap
PQR,Zaplapapaaaap
PVCL,Zaplpppaapaa
PVCR,Zaprpppaapaa
PVDL,Zaplapapaappaapa
PVDR,Zaprapapaappaapa
PVM,Zaplapapaaapaa
PVNL,Zaplapppppappp
PVNR,Zaprapppppappp
PVPL,Zaplppppaaa
PVPR,Zaprppppaaa
PVQL,Zaplapppaaa
PVQR,Zaprapppaaa
PVR,Zppaaappv
PVT,Zaplpappppa
PVV,Zaplapappapaaa
PVWL,Zaplapppppppa
PVWR,Zaprapppppppa
PVX,Zaprapappaaap
PVY,Zaplapappapaap
QL,Zaplapapaaa
QR,Zaprapapaaa
R1AL,Zaplapapaappppppaaa
R1AR,Zaprapapaappppppaaa
R1BL,Zaplapapaappppppapa
R1BR,Zaprapapaappppppapa
R1stL,Zaplapapaappppppapp
R1stR,Zaprapapaappppppapp
R2AL,Zaarppappppapapaaa
R2AR,Zaarpppppppapapaaa
R2BL,Zaarppappppapapapa
R2BR,Zaarpppppppapapapa
R2stL,Zaarppappppapapapp
R2stR,Zaarpppppppapapapp
R3AL,Zaarppappppapppaaa
R3AR,Zaarpppppppapppaaa
R3BL,Zaarppappppapppapa
R3BR,Zaarpppppppapppapa
R3stL,Zaarppappppapppapp
R3stR,Zaarpppppppapppapp
R4AL,Zaarppappppppapaaa
R4AR,Zaarpppppppppapaaa
R4BL,Zaarppappppppapapa
R4BR,Zaarpppppppppapapa
R4stL,Zaarppappppppapapp
R4stR,Zaarpppppppppapapp
R5AL,Zaarppappppppppaaa
R5AR,Zaarpppppppppppaaa
R5BL,Zaarppappppppppapa
R5BR,Zaarpppppppppppapa
R5stL,Zaarppappppppppapp
R5stR,Zaarpppppppppppapp
R6AL,Zaarppapppppppaaaa
R6AR,Zaarppppppppppaaaa
R6BL,Zaarppapppppppaapa
R6BR,Zaarppppppppppaapa
R6stL,Zaarppapppppppaapp
R6stR,Zaarppppppppppaapp
R7AL,Zaplapppppapappaaa
R7AR,Zaprapppppapappaaa
R7BL,Zaplapppppapappapa
R7BR,Zaprapppppapappapa
R7stL,Zaplapppppapappapp
R7stR,Zaprapppppapappapp
R8AL,Zaplapppppappaaaaa
R8AR,Zaprapppppappaaaaa
R8BL,Zaplapppppappaaapa
R8BR,Zaprapppppappaaapa
R8stL,Zaplapppppappaaapp
R8stR,Zaprapppppappaaapp
R9AL,Zaplapppppappapaaa
R9AR,Zaprapppppappapaaa
R9BL,Zaplapppppappapapa
R9BR,Zaprapppppappapapa
R9stL,Zaplapppppappapapp
R9stR,Zaprapppppappapapp
RIAL,Zaalapaapaa
RIAR,Zaalaapppaa
RIBL,Zaplpaappap
RIBR,Zaprpaappap
RICL,Zaplppaaaapp
RICR,Zaprppaaaapp
RID,Zaalappaapa
RIFL,Zaplppapaaap
RIFR,Zaprppapaaap
RIGL,Zaplppappaa
RIGR,Zaprppappaa
RIH,Zaprpappaaa
RIML,Zaplppaapap
RIMR,Zaprppaapap
RIPL,Zaalpapaaaa
RIPR,Zaarappaaaa
RIR,Zaprpapppaa
RIS,Zaprpappapa
RIVL,Zaplpaapaaa
RIVR,Zaprpaapaaa
RMDDL,Zaalpapapaa
RMDDR,Zaarappapaa
RMDL,Zaalpppapad
RMDR,Zapraaaapad
RMDVL,Zaalppapaaa
RMDVR,Zaarapppaaa
RMED,Zaalapppaap
RMEL,Zaalaaaarlp
RMER,Zaalaaaarrp
RMEV,Zaplpappaaa
RMFL,Zaplapaapaal
RMFR,Zaplapaapaar
RMGL,Zaplapaaapp
RMGR,Zaprapaaapp
RMHL,Zaprpaaaapal
RMHR,Zaprpaaaapar
SAADL,Zaalppapapa
SAADR,Zaarapppapa
SAAVL,Zaplpaaaaaa
SAAVR,Zaprpaaaaaa
SABD,Zaplppapaap
SABVL,Zaplppapaaaa
SABVR,Zaprppapaaaa
SDQL,Zaplapapaaapap
SDQR,Zaprapapaaapap
SIADL,Zaplpapaapa
SIADR,Zaprpapaapa
SIAVL,Zaplpapappa
SIAVR,Zaprpapappa
SIBDL,Zaplppaaaaa
SIBDR,Zaprppaaaaa
SIBVL,Zaplpapaapp
SIBVR,Zaprpapaapp
SMBDL,Zaalpapapapp
SMBDR,Zaarappapapp
SMBVL,Zaalpapappp
SMBVR,Zaarappappp
SMDDL,Zaplpapaaaa
SMDDR,Zaprpapaaaa
SMDVL,Zaalppappaa
SMDVR,Zaarappppaa
SPCL,Zaprppppapaalpaap
SPCR,Zaprppppapaarpaap
SPDL,Zaprppppapaalpapaa
SPDR,Zaprppppapaarpapaa
SPVL,Zaprppppapaalaalda
SPVL_2,Zaprppppapaaraalda
SPVR,Zaprppppapaaraarda
SPshDL,Zaprppppapaalpapap
SPshDR,Zaprppppapaarpapap
SPshVL,Zaprppppapaalaaldp
SPshVL_2,Zaprppppapaaraaldp
SpshVR,Zaprppppapaalaarda
SpshVR_2,Zaprppppapaaraarda
SPso1L,Zaprppppapaalpppl
SPso1L_2,Zaprppppapaarpppl
SPso1R,Zaprppppapaalpppr
SPso1R_2,Zaprppppapaarpppr
SPso2L,Zaprppppapaalaald
SPso2L_2,Zaprppppapaaraald
SPso2R,Zaprppppapaalaard
SPso2R_2,Zaprppppapaaraard
SPso3L,Zaprppppapaalaalv
SPso3L_2,Zaprppppapaaraalv
SPso3R,Zaprppppapaalaarv
SPso3R_2,Zaprppppapaaraarv
SPso4L,Zaprppppapaalpapp
SPso4r,Zaprppppapaarpapp
TL,Zaplappppp
TR,Zaprappppp
U,Zaplppppapa
URADL,Zaplaaaaaaa
URADR,Zaarpapaaaa
URAVL,Zaplpaaapaa
URAVR,Zaprpaaapaa
URBL,Zaplaapaapa
URBR,Zapraapaapa
URXL,Zaplaaaaappp
URXR,Zaarpapaappp
URYDL,Zaalapapapp
URYDR,Zaalapppapp
URYVL,Zaplpaaappp
URYVR,Zaprpaaappp
V1L,Zaarppapaa
V1R,Zaarppppaa
V2L,Zaarppapap
V2R,Zaarppppap
V3L,Zaplappapa
V3R,Zaprappapa
V4L,Zaarppappa
V4R,Zaarpppppa
V5L,Zaplapapaap
V5R,Zaprapapaap
V6L,Zaarppappp
V6R,Zaarpppppp
VA1,Zaprapaapapa
VA2,Zppaaaa
VA3,Zpppaaaa
VA4,Zppppaaaa
VA11,Zaplapappaaaaa
VA12,Zaprapappaaaaa
VB1,Zpaaap
VB2,Zaprapaapaaap
VB3,Zppaaap
VB4,Zpppaaap
VB5,Zppppaaap
VC1,Zpppaap
VC2,Zppppaap
VD1,Zaprapaapapp
VD2,Zpapp
VD3,Zppapp
VD4,Zpppapp
VD5,Zppppapp
VD12,Zaplapappaapp
VD13,Zaprapappaapp
W,Zaprapaapa
XXXL,Zaplaaapaa
XXXR,Zaarpappaa
Y,Zaprpppaaaa
Z1,Zpaapppaap
Z2,Zppppp
Z3,Zppppa
Z4,Zpaaappaap
arc ant DR,Zaaraaapppa
arc ant DL,Zaalpaappaa
arc ant V,Zaalpapaapa
arc post DL,Zaalpaapaaa
arc post VL,Zaalpaappap
arc post DR,Zaaraaapaaa
arc post D,Zaaraaappaa
arc post VR,Zaaraaappap
arc post V,Zaarapapapa
cc herm DL,Zpaaapaappdlpa
cc herm DR,Zpaaapaappdrpa
cc male D,Zpaaapaappdlpappp
ccAL,Zpaaapapaaa
ccAR,Zpaappapaaa
ccPL,Zpaaapapaap
ccPR,Zpaappapaap
e1D,Zaaraaaapap
e1VL,Zaaraaaaaaa
e1VR,Zaaraaaaapa
e2DL,Zaalpaapaap
e2DR,Zaaraaapaap
e2V,Zaalpappapa
e3D,Zaaraapaaaa
e3VL,Zaalpaaaaaa
e3VR,Zaarapaaaaa
exc_cell,Zaplpappaap
exc_duct,Zaplpaaaapa
exc_gl_L,Zaplpapapaa
exc_gl_R,Zaprpapapaa
exc_socket,Zaplapaapap
g1AL,Zpaaaapaapaa
g1AR,Zpaapapaapaa
g1P,Zpaaaaaaapap
g2L,Zpaaaapapaa
g2R,Zpaapapapaa
gon_herm_anch,Zpaapppaapppp
gon_herm_anch_2,Zpaaappaapaaa
gon_herm_dtc_A,Zpaapppaapaa
gon_herm_dtc_B,Zpaaappaappp
gon_herm_dish_A,Zpaapppaapapa
gon_herm_dish_A_2,Zpaapppaappaaa
gon_herm_dish_P,Zpaaappaappap
gon_herm_dish_P_2,Zpaaappaapappp
gon_herm_prsh_A,Zpaapppaapappaaa
gon_herm_prsh_A_2,Zpaapppaapappaap
gon_herm_prsh_A_3,Zpaapppaapappapa
gon_herm_prsh_A_4,Zpaapppaapappapp
gon_herm_prsh_A_5,Zpaapppaappaapaaa
gon_herm_prsh_A_6,Zpaapppaappaapaap
gon_herm_prsh_A_7,Zpaapppaappaapapa
gon_herm_prsh_A_8,Zpaapppaappaapapp
gon_herm_prsh_P,Zpaaappaappaapaa
gon_herm_prsh_P_2,Zpaaappaappaapap
gon_herm_prsh_P_3,Zpaaappaappaappa
gon_herm_prsh_P_4,Zpaaappaappaappp
gon_herm_prsh_P_5,Zpaaappaapappapaa
gon_herm_prsh_P_6,Zpaaappaapappapap
gon_herm_prsh_P_7,Zpaaappaapappappa
gon_herm_prsh_P_8,Zpaaappaapappappp
gon_herm_spth_A,Zpaapppaapapppaaaa
gon_herm_spth_A_2,Zpaapppaapapppaaap
gon_herm_spth_A_3,Zpaapppaapapppaapa
gon_herm_spth_A_4,Zpaapppaapapppaapp
gon_herm_spth_A_5,Zpaapppaapapppapaa
gon_herm_spth_A_6,Zpaapppaapapppapap
gon_herm_spth_A_7,Zpaapppaapapppapp
gon_herm_spth_A_8,Zpaapppaapappppa
gon_herm_spth_A_9,Zpaapppaapappppp
gon_herm_spth_A_10,Zpaapppaappaappaaaa
gon_herm_spth_A_11,Zpaapppaappaappaaap
gon_herm_spth_A_12,Zpaapppaappaappaapa
gon_herm_spth_A_13,Zpaapppaappaappaapp
gon_herm_spth_A_14,Zpaapppaappaappapaa
gon_herm_spth_A_15,Zpaapppaappaappapap
gon_herm_spth_A_16,Zpaapppaappaappapp
gon_herm_spth_A_17,Zpaapppaappaapppa
gon_herm_spth_A_18,Zpaapppaappaapppp
gon_herm_spth_A_19,Zpaapppaappapaaad
gon_herm_spth_A_20,Zpaapppaappapaaav
gon_herm_spth_A_21,Zpaapppaappapaapv
gon_herm_spth_A_22,Zpaaappaapapaaaad
gon_herm_spth_A_23,Zpaaappaapapaaaav
gon_herm_spth_A_24,Zpaaappaapapaaapv
gon_herm_spth_P,Zpaaappaappaaaaa
gon_herm_spth_P_2,Zpaaappaappaaaap
gon_herm_spth_P_3,Zpaaappaappaaapaa
gon_herm_spth_P_4,Zpaaappaappaaapapa
gon_herm_spth_P_5,Zpaaappaappaaapapp
gon_herm_spth_P_6,Zpaaappaappaaappaa
gon_herm_spth_P_7,Zpaaappaappaaappap
gon_herm_spth_P_8,Zpaaappaappaaapppa
gon_herm_spth_P_9,Zpaaappaappaaapppp
gon_herm_spth_P_10,Zpaaappaapappaaaa
gon_herm_spth_P_11,Zpaaappaapappaaap
gon_herm_spth_P_12,Zpaaappaapappaapaa
gon_herm_spth_P_13,Zpaaappaapappaapapa
gon_herm_spth_P_14,Zpaaappaapappaapapp
gon_herm_spth_P_15,Zpaaappaapappaappaa
gon_herm_spth_P_16,Zpaaappaapappaappap
gon_herm_spth_P_17,Zpaaappaapappaapppa
gon_herm_spth_P_18,Zpaaappaapappaapppp
gon_herm_spth_P_19,Zpaaappaapapappav
gon_herm_spth_P_20,Zpaaappaapapapppd
gon_herm_spth_P_21,Zpaaappaapapapppv
gon_herm_spth_P_22,Zpaapppaappapppav
gon_herm_spth_P_23,Zpaapppaappappppd
gon_herm_spth_P_24,Zpaapppaappappppv
gon_herm_sujn_A,Zpaapppaappapaapd
gon_herm_sujn_A_2,Zpaapppaappapapaaa
gon_herm_sujn_A_3,Zpaapppaapppaaaaa
gon_herm_sujn_A_4,Zpaapppaapppaaapa
gon_herm_sujn_A_5,Zpaaappaapapaaapd
gon_herm_sujn_A_6,Zpaaappaapapaapaaa
gon_herm_sujn_P,Zpaapppaappappappp
gon_herm_sujn_P_2,Zpaapppaappapppad
gon_herm_sujn_P_3,Zpaaappaapapapappp
gon_herm_sujn_P_4,Zpaaappaapapappad
gon_herm_sujn_P_5,Zpaaappaapaapppap
gon_herm_sujn_P_6,Zpaaappaapaappppp
gon_herm_dut,Zpaapppaappapapaap
gon_herm_dut_2,Zpaapppaappapapapa
gon_herm_dut_3,Zpaapppaappapapapp
gon_herm_dut_4,Zpaapppaappapappaa
gon_herm_dut_5,Zpaapppaappapappap
gon_herm_dut_6,Zpaapppaappapapppa
gon_herm_dut_7,Zpaapppaappapapppp
gon_herm_dut_8,Zpaapppaappappaaaa
gon_herm_dut_9,Zpaapppaappappaaap
gon_herm_dut_10,Zpaapppaappappaapa
gon_herm_dut_11,Zpaapppaappappaapp
gon_herm_dut_12,Zpaapppaappappapaa
gon_herm_dut_13,Zpaapppaappappapap
gon_herm_dut_14,Zpaapppaappappappa
gon_herm_dut_15,Zpaaappaapapaapaap
gon_herm_dut_16,Zpaaappaapapaapapa
gon_herm_dut_17,Zpaaappaapapaapapp
gon_herm_dut_18,Zpaaappaapapaappaa
gon_herm_dut_19,Zpaaappaapapaappap
gon_herm_dut_20,Zpaaappaapapaapppa
gon_herm_dut_21,Zpaaappaapapaapppp
gon_herm_dut_22,Zpaaappaapapapaaaa
gon_herm_dut_23,Zpaaappaapapapaaap
gon_herm_dut_24,Zpaaappaapapapaapa
gon_herm_dut_25,Zpaaappaapapapaapp
gon_herm_dut_26,Zpaaappaapapapapaa
gon_herm_dut_27,Zpaaappaapapapapap
gon_herm_dut_28,Zpaaappaapapapappa
gon_herm_vut,Zpaapppaapppaaaap
gon_herm_vut_2,Zpaapppaapppaaapp
gon_herm_vut_3,Zpaapppaapppaapaa
gon_herm_vut_4,Zpaapppaapppaapap
gon_herm_vut_5,Zpaapppaapppaappa
gon_herm_vut_6,Zpaapppaapppaappp
gon_herm_vut_7,Zpaapppaapppapaaa
gon_herm_vut_8,Zpaapppaapppapaap
gon_herm_vut_9,Zpaapppaapppapapa
gon_herm_vut_10,Zpaapppaapppapapp
gon_herm_vut_11,Zpaapppaapppappd
gon_herm_vut_12,Zpaapppaappppaad
gon_herm_vut_13,Zpaapppaappppaav
gon_herm_vut_14,Zpaapppaappppapd
gon_herm_vut_15,Zpaapppaappppapv
gon_herm_vut_16,Zpaapppaapppppad
gon_herm_vut_17,Zpaapppaapppppav
gon_herm_vut_18,Zpaapppaappppppaa
gon_herm_vut_19,Zpaapppaappppppap
gon_herm_vut_20,Zpaapppaapppppppa
gon_herm_vut_21,Zpaapppaapppppppp
gon_herm_vut_22,Zpaaappaapaapaad
gon_herm_vut_23,Zpaaappaapaapaav
gon_herm_vut_24,Zpaaappaapaapapd
gon_herm_vut_25,Zpaaappaapaapapv
gon_herm_vut_26,Zpaaappaapaappaaa
gon_herm_vut_27,Zpaaappaapaappaap
gon_herm_vut_28,Zpaaappaapaappapa
gon_herm_vut_29,Zpaaappaapaappapp
gon_herm_vut_30,Zpaaappaapaapppaa
gon_herm_vut_31,Zpaaappaapaappppa
gon_herm_vut_32,Zpaapppaapppapad
gon_herm_vut_33,Zpaapppaapppapav
gon_herm_vut_34,Zpaapppaapppappv
gon_herm_vut_35,Zpaaappaapaaaaaaa
gon_herm_vut_36,Zpaaappaapaaaaaap
gon_herm_vut_37,Zpaaappaapaaaaapa
gon_herm_vut_38,Zpaaappaapaaaaapp
gon_herm_vut_39,Zpaaappaapaaaapd
gon_herm_vut_40,Zpaaappaapaaaapv
gon_herm_vut_41,Zpaaappaapaaapad
gon_herm_vut_42,Zpaaappaapaaapav
gon_herm_vut_43,Zpaaappaapaaappv
gon_herm_vut_44,Zpaaappaapaaappd
gon_herm_vut_45,Zpaaappaapaapapaa
gon_herm_vut_46,Zpaaappaapaapapap
gon_herm_vut_47,Zpaaappaapaapappa
gon_herm_vut_48,Zpaaappaapaapappp
gon_herm_vut_49,Zpaaappaapaappppp
gon_herm_vut_50,Zpaaappaapaapppap
gon_male_dtc,Zpaapppaapa
gon_male_dtc_2,Zpaapppaapp
gon_male_link,Zpaapppaappaa
gon_male_link_2,Zpaaappaapaaa
gon_male_sves,Zpaapppaapppaaaaa
gon_male_sves_2,Zpaapppaapppaaaap
gon_male_sves_3,Zpaapppaapppaaap
gon_male_sves_4,Zpaapppaapppaap
gon_male_sves_5,Zpaapppaapppap
gon_male_sves_6,Zpaapppaappppaaaa
gon_male_sves_7,Zpaapppaappppaaap
gon_male_sves_8,Zpaapppaappppaap
gon_male_sves_9,Zpaapppaappppap
gon_male_sves_10,Zpaapppaappppp
gon_male_sves_11,Zpaapppaappappp
gon_male_sves_12,Zpaaappaapaaapp
gon_male_sves_13,Zpaaappaapaappp
gon_male_sves_14,Zpaaappaapapaaaaa
gon_male_sves_15,Zpaaappaapapaaaap
gon_male_sves_16,Zpaaappaapapaaap
gon_male_sves_17,Zpaaappaapapaap
gon_male_sves_18,Zpaaappaapapap
gon_male_sves_19,Zpaaappaapappaaaa
gon_male_sves_20,Zpaaappaapappaaap
gon_male_sves_21,Zpaaappaapappaap
gon_male_sves_22,Zpaaappaapappap
gon_male_sves_23,Zpaaappaapappp
gon_male_sves_24,Zpaapppaappaapp
gon_male_vdef,Zpaapppaappapaaaa
gon_male_vdef_2,Zpaapppaappapaaap
gon_male_vdef_3,Zpaapppaappapaapaa
gon_male_vdef_4,Zpaapppaappapaapap
gon_male_vdef_5,Zpaapppaappapaappaa
gon_male_vdef_6,Zpaapppaappapaappap
gon_male_vdef_7,Zpaapppaappapaappp
gon_male_vdef_8,Zpaapppaappapapa
gon_male_vdef_9,Zpaapppaappapapp
gon_male_vdef_10,Zpaapppaappappa
gon_male_vdef_11,Zpaaappaapaaaaaaa
gon_male_vdef_12,Zpaaappaapaaaaaap
gon_male_vdef_13,Zpaaappaapaaaaapaa
gon_male_vdef_14,Zpaaappaapaaaaapap
gon_male_vdef_15,Zpaaappaapaaaaappaa
gon_male_vdef_16,Zpaaappaapaaaaappap
gon_male_vdef_17,Zpaaappaapaaaaappp
gon_male_vdef_18,Zpaaappaapaaaapa
gon_male_vdef_19,Zpaaappaapaaaapp
gon_male_vdef_20,Zpaaappaapaaapa
gon_male_vdef_21,Zpaaappaapaapaaaa
gon_male_vdef_22,Zpaaappaapaapaaap
gon_male_vdef_23,Zpaaappaapaapaapaa
gon_male_vdef_24,Zpaaappaapaapaapap
gon_male_vdef_25,Zpaaappaapaapaappaa
gon_male_vdef_26,Zpaaappaapaapaappap
gon_male_vdef_27,Zpaaappaapaapaappp
gon_male_vdef_28,Zpaaappaapaapapa
gon_male_vdef_29,Zpaaappaapaapapp
gon_male_vdef_30,Zpaaappaapaappa
gon_male_vdef_31,Zpaapppaappaaaaaa
gon_male_vdef_32,Zpaapppaappaaaaap
gon_male_vdef_33,Zpaapppaappaaaapaa
gon_male_vdef_34,Zpaapppaappaaaapap
gon_male_vdef_35,Zpaapppaappaaaappaa
gon_male_vdef_36,Zpaapppaappaaaappap
gon_male_vdef_37,Zpaapppaappaaaappp
gon_male_vdef_38,Zpaapppaappaaapa
gon_male_vdef_39,Zpaapppaappaaapp
gon_male_vdef_40,Zpaapppaappaapa
hmc,Zpaaappaaa
hyp1,Zaalpaapppa
hyp1_2,Zaaraaapppp
hyp1_3,Zaarappaapa
hyp2,Zaalpaapppp
hyp2_2,Zaalpapaaap
hyp3,Zaplaapaaaa
hyp3_2,Zapraapaaaa
hyp4,Zaarpapapa
hyp4_2,Zaplaappaa
hyp4_3,Zapraappaa
hyp5,Zaarpappap
hyp5_2,Zaplaaapap
hyp6,Zaarpaapaa
hyp6_2,Zaarpapapp
hyp6_3,Zaplaaaapa
hyp6_4,Zaplaaaapp
hyp6_5,Zaplaappap
hyp6_6,Zapraappap
hyp7,Zaarpaapap
hyp7_2,Zaarpaappa
hyp7_3,Zaarpaappp
hyp7_4,Zaarppaapa
hyp7_5,Zaarpppapa
hyp7_6,Zaplaapppa
hyp7_7,Zaplaapppp
hyp7_8,Zaplappppa
hyp7_9,Zapraapppa
hyp7_10,Zapraapppp
hyp7_11,Zaprappppa
hyp7_12,Zppaaaaaa
hyp7_13,Zppaaaaap
hyp7_14,Zppaaaapa
hyp7_15,Zppaaaapp
hyp7_16,Zppaaappd
hyp7_17,Zppapaaaa
hyp7_18,Zppapaaap
hyp7_19,Zppapaapa
hyp7_20,Zppapaapp
hyp7_21,Zppapapaa
hyp7_22,Zppapapap
hyp7_23,Zppapappd
hyp7_24,Zaplaaapppapa
hyp7_25,Zaplaaapppappa
hyp7_26,Zaplaaapppp
hyp7_27,Zaarpappppapa
hyp7_28,Zaarpappppappa
hyp7_29,Zaarpappppp
hyp7_30,Zaarppaaapap
hyp7_31,Zaarppaaappa
hyp7_32,Zaarppaaapppa
hyp7_33,Zaarppaaappppa
hyp7_34,Zaarpppaapap
hyp7_35,Zaarpppaappa
hyp7_36,Zaarpppaapppa
hyp7_37,Zaarpppaappppa
hyp7_38,Zaarppapaaa
hyp7_39,Zaarppapaapaa
hyp7_40,Zaarppapaapapa
hyp7_41,Zaarppapaapappa
hyp7_42,Zaarppapaappa
hyp7_43,Zaarppapaapppa
hyp7_44,Zaarppapaappppa
hyp7_45,Zaarppppaaa
hyp7_46,Zaarppppaapaa
hyp7_47,Zaarppppaapapa
hyp7_48,Zaarppppaapappa
hyp7_49,Zaarppppaappa
hyp7_50,Zaarppppaapppa
hyp7_51,Zaarppppaappppa
hyp7_52,Zaarppapapa
hyp7_53,Zaarppapappaa
hyp7_54,Zaarppapappapa
hyp7_55,Zaarppapappappa
hyp7_56,Zaarppapapppa
hyp7_57,Zaarppapappppa
hyp7_58,Zaarppapapppppa
hyp7_59,Zaarppppapa
hyp7_60,Zaarppppappaa
hyp7_61,Zaarppppappapa
hyp7_62,Zaarppppappappa
hyp7_63,Zaarppppapppa
hyp7_64,Zaarppppappppa
hyp7_65,Zaarppppapppppa
hyp7_66,Zaplappapaa
hyp7_67,Zaplappapapaa
hyp7_68,Zaplappapapapa
hyp7_69,Zaplappapapappa
hyp7_70,Zaplappapappa
hyp7_71,Zaplappapapppa
hyp7_72,Zaplappapappppa
hyp7_73,Zaprappapaa
hyp7_74,Zaprappapapaa
hyp7_75,Zaprappapapapa
hyp7_76,Zaprappapapappa
hyp7_77,Zaprappapappa
hyp7_78,Zaprappapapppa
hyp7_79,Zaprappapappppa
hyp7_80,Zaarppappaa
hyp7_81,Zaarppappapaa
hyp7_82,Zaarppappapapa
hyp7_83,Zaarppappapappa
hyp7_84,Zaarppappappa
hyp7_85,Zaarppappapppa
hyp7_86,Zaarppappappppa
hyp7_87,Zaarpppppaa
hyp7_88,Zaarpppppapaa
hyp7_89,Zaarpppppapapa
hyp7_90,Zaarpppppapappa
hyp7_91,Zaarpppppappa
hyp7_92,Zaarpppppapppa
hyp7_93,Zaarpppppappppa
hyp7_94,Zaplapapaapa
hyp7_95,Zaplapapaapppa
hyp7_96,Zaplapapaappppa
hyp7_97,Zaplapapaapppppa
hyp7_98,Zaprapapaapa
hyp7_99,Zaprapapaapppa
hyp7_100,Zaprapapaappppa
hyp7_101,Zaprapapaapppppa
hyp7_102,Zaarppapppa
hyp7_103,Zaarppappppaa
hyp7_104,Zaarppappppapa
hyp7_105,Zaarppappppappa
hyp7_106,Zaarppapppppa
hyp7_107,Zaarppappppppa
hyp7_108,Zaarppapppppppa
hyp7_109,Zaarppppppa
hyp7_110,Zaarpppppppaa
hyp7_111,Zaarpppppppapa
hyp7_112,Zaarpppppppappa
hyp7_113,Zaarppppppppa
hyp7_114,Zaarpppppppppa
hyp7_115,Zaarppppppppppa
hyp7_116,Zaplapppppaa
hyp7_117,Zaplapppppapaa
hyp7_118,Zaplapppppapap
hyp7_119,Zaprapppppaa
hyp7_120,Zaprapppppapaa
hyp7_121,Zaprapppppapap
hyp7_122,Zaplapapaappppaa
hyp7_123,Zaplapapaappppapa
hyp7_124,Zaprapapaappppapa
hyp7_125,Zaarppappppapaa
hyp7_126,Zaarppappppppaa
hyp7_127,Zaarppapppppppap
hyp7_128,Zaarpppppppapaa
hyp7_129,Zaarpppppppppaa
hyp7_130,Zaarppppppppppap
hyp7_131,Zaplapppppapapa
hyp7_132,Zaplapppppapappp
hyp7_133,Zaplapppppappaap
hyp7_134,Zaplapppppappapp
hyp7_135,Zaprapppppapapa
hyp7_136,Zaprapppppapappp
hyp7_137,Zaprapppppappaap
hyp7_138,Zaprapppppappapp
hyp7_139,Zpp
hyp7_140,Zppp
hyp7_141,Zppppa
hyp7_142,Zppppp
hyp7_143,Zpppppa
hyp7_144,Zpppppp
hyp7_145,Zaplapappap
hyp7_146,Zpppp
hyp8/9,Zaplpppapap
hyp8/9_2,Zaprpppapap
hyp10,Zaplppppppp
hyp10_2,Zaprppppppp
hyp11,Zppapappv
hyp12,Zaprapappapa
hyp_hook,Zaplapappappaa
hyp_hook_2,Zaplapappappap
hyp_hook_3,Zaplapappappp
int,Zpapalaad
int_2,Zpapalaav
int_3,Zpapalap
int_4,Zpapalpa
int_5,Zpapalpp
int_6,Zpaparaad
int_7,Zpaparaav
int_8,Zpaparap
int_9,Zpaparpa
int_10,Zpaparpp
int_11,Zpapplaa
int_12,Zpapplap
int_13,Zpapplpa
int_14,Zpapplppa
int_15,Zpapplppp
int_16,Zpappraa
int_17,Zpapprap
int_18,Zpapprpa
int_19,Zpapprppa
int_20,Zpapprppp
linker_killer,ZaplppppapalporUrp
pm1DL,Zaaraapaaap
pm1DR,Zaaraappaap
pm1L,Zaaraaaaaap
pm1R,Zaaraaaaapp
pm1VL,Zaalpaaaapa
pm1VR,Zaarapaaapa
pm2DL,Zaaraapaapa
pm2DR,Zaaraappapa
pm2L,Zaalpaaapaa
pm2R,Zaarapaapaa
pm2VL,Zaalpaaaaap
pm2VR,Zaarapaaaap
pm3DL,Zpaaaaapaaa
pm3DR,Zpaapaaaapa
pm3L,Zaalpaapapp
pm3R,Zaarapaappa
pm3VL,Zaalpappppp
pm3VR,Zaarapapppp
pm4DL,Zpaaaaaaapp
pm4DR,Zpaapaaaapp
pm4L,Zpaaaaapaap
pm4R,Zaaraaapapp
pm4VL,Zpaaaapaaaa
pm4VR,Zpaapapaaaa
pm5DL,Zpaaaaaapap
pm5DR,Zpaapaaappa
pm5L,Zaaraapapap
pm5R,Zaaraapppap
pm5VL,Zpaaaapaaap
pm5VR,Zpaapapaaap
pm6D,Zpaapaaappp
pm6VL,Zpaaaapappa
ppm6VR,Zpaapapappa
pm7D,Zpaaaaaappp
pm7VL,Zpaaaapaapp
pm7VR,Zpaapapaapp
pm8,Zpaaaaapapp
mc1DL,Zaalpaapapa
mc1DR,Zaaraaapapa
mc1V,Zaalpappppa
mc2DL,Zaaraapaapp
mc2DR,Zaaraappapp
mc2V,Zaarapapppa
mc3DL,Zpaaaaapapa
mc3DR,Zpaapaapapa
mc3V,Zaalpappapp
mu_anal,Zaplpppppap
mu_bod,Zaprpppppaa
mu_bod_2,Zppaapaaaa
mu_bod_3,Zppaapaaap
mu_bod_4,Zppaapaapa
mu_bod_5,Zppaapaapp
mu_bod_6,Zppaapapaa
mu_bod_7,Zppaapapap
mu_bod_8,Zppaapappa
mu_bod_9,Zppaapappp
mu_bod_10,Zppaappaaa
mu_bod_11,Zppaappaap
mu_bod_12,Zppaappapa
mu_bod_13,Zppaappapp
mu_bod_14,Zppaapppaa
mu_bod_15,Zppaapppap
mu_bod_16,Zppaappppd
mu_bod_17,Zppaappppv
mu_bod_18,Zppappaaaa
mu_bod_19,Zppappaaap
mu_bod_20,Zppappaapa
mu_bod_21,Zppappaapp
mu_bod_22,Zppappapaa
mu_bod_23,Zppappapap
mu_bod_24,Zppappappa
mu_bod_25,Zppappappp
mu_bod_26,Zppapppaaa
mu_bod_27,Zppapppaap
mu_bod_28,Zppapppapa
mu_bod_29,Zppapppapp
mu_bod_30,Zppappppaa
mu_bod_31,Zppappppap
mu_bod_32,Zppapppppd
mu_bod_33,Zppapppppv
mu_bod_34,Zpppaaaaa
mu_bod_35,Zpppaaaap
mu_bod_36,Zpppaaapa
mu_bod_37,Zpppaaapp
mu_bod_38,Zpppaapaa
mu_bod_39,Zpppaapap
mu_bod_40,Zpppaappaa
mu_bod_41,Zpppaappap
mu_bod_42,Zpppaapppa
mu_bod_43,Zpppaapppp
mu_bod_44,Zpppapaaa
mu_bod_45,Zpppapaap
mu_bod_46,Zpppapapa
mu_bod_47,Zpppappap
mu_bod_48,Zpppappaa
mu_bod_49,Zpppapppaa
mu_bod_50,Zpppapppap
mu_bod_51,Zpppappppa
mu_bod_52,Zpppappppp
mu_bod_53,Zpaaaapppaa
mu_bod_54,Zpaaaapppap
mu_bod_55,Zpaaaappppa
mu_bod_56,Zpaaaappppp
mu_bod_57,Zpaaapaaap
mu_bod_58,Zpaaapapap
mu_bod_59,Zpaaapappa
mu_bod_60,Zpaaapappp
mu_bod_61,Zpaaappapp
mu_bod_62,Zpaaapppaa
mu_bod_63,Zpaaapppap
mu_bod_64,Zpaaappppa
mu_bod_65,Zpaaappppp
mu_bod_66,Zpaapappaa
mu_bod_67,Zpaapappap
mu_bod_68,Zpaapapppaa
mu_bod_69,Zpaapapppap
mu_bod_70,Zpaapappppa
mu_bod_71,Zpaapappppp
mu_bod_72,Zpaappaaap
mu_bod_73,Zpaappapap
mu_bod_74,Zpaappappa
mu_bod_75,Zpaappappp
mu_bod_76,Zpaapppapp
mu_bod_77,Zpaappppaa
mu_bod_78,Zpaappppap
mu_bod_79,Zpaapppppa
mu_bod_80,Zpaapppppp
mu_bod_81,Zpaaapaappdlaa
mu_bod_82,Zpaaapaappdlap
mu_bod_83,Zpaaapaappdlpp
mu_bod_84,Zpaaapaappdraa
mu_bod_85,Zpaaapaappdrap
mu_bod_86,Zpaaapaappdrpp
mu_bod_87,Zpaaapaappvlaa
mu_bod_88,Zpaaapaappvlap
mu_bod_89,Zpaaapaappvlpap
mu_bod_90,Zpaaapaappvlpp
mu_bod_91,Zpaaapaappvraa
mu_bod_92,Zpaaapaappvrap
mu_bod_93,Zpaaapaappvrpap
mu_bod_94,Zpaaapaappvrpp
mu_int_L,Zaplpppppaa
mu_int_R,Zpaappaapp
mu_male_diag,Zpaaapaappdlpaaaap
mu_male_diag_2,Zpaaapaappdlpaaapa
mu_male_diag_3,Zpaaapaappdlpaaapp
mu_male_diag_4,Zpaaapaappdlpaapaa
mu_male_diag_5,Zpaaapaappdlpaapap
mu_male_diag_6,Zpaaapaappdlpapaaa
mu_male_diag_7,Zpaaapaappdlpapaap
mu_male_diag_8,Zpaaapaappdrpaaaap
mu_male_diag_9,Zpaaapaappdrpaaapa
mu_male_diag_10,Zpaaapaappdrpaaapp
mu_male_diag_11,Zpaaapaappdrpaapaa
mu_male_diag_12,Zpaaapaappdrpaappa
mu_male_diag_13,Zpaaapaappdrpaapap
mu_male_diag_14,Zpaaapaappdrpapaaa
mu_male_diag_15,Zpaaapaappdrpapaap
mu_male_gub,Zpaaapaappdlpappap
mu_male_gub_2,Zpaaapaappdrpappap
mu_male_gub_3,Zpaaapaappdlpapapa
mu_male_gub_4,Zpaaapaappdrpapapa
mu_male_long,Zpaaapaappvlpaaaaa
mu_male_long_2,Zpaaapaappvlpaaaap
mu_male_long_3,Zpaaapaappvlpaaapa
mu_male_long_4,Zpaaapaappvlpaaapp
mu_male_long_5,Zpaaapaappvlpaapp
mu_male_long_6,Zpaaapaappvrpaaaaa
mu_male_long_7,Zpaaapaappvrpaaaap
mu_male_long_8,Zpaaapaappvrpaaapa
mu_male_long_9,Zpaaapaappvrpaaapp
mu_male_long_10,Zpaaapaappvrpaapp
mu_male_obliq,Zpaaapaappdlpapapp
mu_male_obliq_2,Zpaaapaappdlpappaa
mu_male_obliq_3,Zpaaapaappdrpapapp
mu_male_obliq_4,Zpaaapaappdrpappap
mu_male_spic,Zpaaapaappdlpaaaaa
mu_male_spic_2,Zpaaapaappdlpaappa
mu_male_spic_3,Zpaaapaappdlpaappp
mu_male_spic_4,Zpaaapaappprpaaaaa
mu_male_spic_5,Zpaaapaappdrpaappp
mu_male_spic_6,Zpaaapaappdrpappaa
mu_male_spic_7,Zpaaapaappvlpaapa
mu_male_spic_8,Zpaaapaappvrpaapa
mu_sph,Zaprpppppap
um2,Zpaaapaappvlpaaaaa
um1,Zpaaapaappvlpaaaap
um1_2,Zpaaapaappvlpaappa
um2_2,Zpaaapaappvlpaappp
um2_3,Zpaaapaappvrpaaaaa
um1_3,Zpaaapaappvrpaaaap
um1_4,Zpaaapaappvrpaappa
um2_4,Zpaaapaappvrpaappp
vm2,Zpaaapaappvlpaaapa
vm1,Zpaaapaappvlpaaapp
vm1_2,Zpaaapaappvlpaapaa
vm2_2,Zpaaapaappvlpaapap
vm2_3,Zpaaapaappvrpaaapa
vm1_3,Zpaaapaappvrpaaapp
vm1_4,Zpaaapaappvrpaapaa
vm2_4,Zpaaapaappvrpaapap
proct,Zaprppppapaalaalv
proct_2,Zaprppppapaaraalv
proct_3,Zaprppppapaalaarv
proct_4,Zaprppppapaaraarv
proct_5,Zaprppppapaalapaad
proct_6,Zaprppppapaalapapa
proct_7,Zaprppppapaalapapp
proct_8,Zaprppppapaalappv
proct_9,Zaprppppapaalppalv
proct_10,Zaprppppapaarppalv
proct_11,Zaprppppapaalppald
proct_12,Zaprppppapaarppald
proct_13,Zaprppppapaalpparv
proct_14,Zaprppppapaarpparv
proct_15,Zaprppppapaalppl
proct_16,Zaprppppapaarppl
proct_17,Zaprppppapaalppr
proct_18,Zaprppppapaarppr
proct_19,Zaprppppapaarapaad
proct_20,Zaprppppapaarapapa
proct_21,Zaprppppapaarapapp
proct_22,Zaprppppapaarappv
proct_23,Zaprppppapapaa
proct_24,Zaprppppapapap
proct_25,Zaprppppapapppa
proct_26,Zaplppppapplvv
proct_27,Zaplppppapprvv
rect_D,Zaplpappppp
rect_VL,Zaplppppaap
rect_VR,Zaprppppaap
se,Zaplaaapppaa
se_2,Zaplaaapppappp
se_3,Zaarpappppaa
se_4,Zaarpappppappp
se_5,Zaarppaaappppp
se_6,Zaarpppaappppp
se_7,Zaarppapaapappp
se_8,Zaarppapaappppp
se_9,Zaarppppaapappp
se_10,Zaarppppaappppp
se_11,Zaarppapappappp
se_12,Zaarppapapppppp
se_13,Zaarppppappappp
se_14,Zaarppppapppppp
se_15,Zaplappapapappp
se_16,Zaplappapappppp
se_17,Zaprappapapappp
se_18,Zaprappapappppp
se_19,Zaarppappapappp
se_20,Zaarppappappppp
se_21,Zaarpppppapappp
se_22,Zaarpppppappppp
se_herm,Zaplapapaapppppp
se_herm_2,Zaprapapaapppppp
se_herm_3,Zaarppappppappp
se_herm_4,Zaarppapppppppp
se_herm_5,Zaarpppppppappp
se_herm_6,Zaarppppppppppp
se_herm_7,Zaplapppppappa
se_herm_8,Zaprapppppappa
se_male,Zaplapapaappppapp
se_male_2,Zaprapapaappppapp
set,Zaplapapaappppppp
set_2,Zaprapapaappppppp
set_3,Zaarppappppapapp
set_4,Zaarppappppapppp
set_5,Zaarppappppppapp
set_6,Zaarppappppppppp
set_7,Zaarpppppppapapp
set_8,Zaarpppppppapppp
set_9,Zaarpppppppppapp
set_10,Zaarpppppppppppp
spike,Zaplppppppa
virL,Zaprpappppp
virR,Zaprpappppa
vpi1,Zpaapaapapp
vpi2DL,Zpaaaapappp
vpi2DR,Zpaapapappp
vpi2V,Zpaaaappaa
vpi3D,Zpaaaaappp
vpi3V,Zpaaaappap
EMS,Zpa
P1,Zp
P2,Zpp
P3,Zppp
