from,to
Z,Za
Za,Zap
Zap,Zapl
Zapl,Zapla
Zapla,Zaplap
Zaplap,Zaplapa
Zaplapa,Zaplapaa
Zaplapaa,Zaplapaaa
Zaplapaaa,Zaplapaaaa
Zaplapaaaa,Zaplapaaaap
Zaplapaaaap,Zaplapaaaapp
Zap,Zapr
Zapr,Zapra
Zapra,Zaprap
Zaprap,Zaprapa
Zaprapa,Zaprapaa
Zaprapaa,Zaprapaaa
Zaprapaaa,Zaprapaaaa
Zaprapaaaa,Zaprapaaaap
Zaprapaaaap,Zaprapaaaapp
Zaplapaaaap,Zaplapaaaapa
Zaprapaaaap,Zaprapaaaapa
Za,Zaa
Zaa,Zaar
Zaar,Zaarp
Zaarp,Zaarpp
Zaarpp,Zaarppa
Zaarppa,Zaarppaa
Zaarppaa,Zaarppaaa
Zaarppaaa,Zaarppaaaa
Zaarpp,Zaarppp
Zaarppp,Zaarpppa
Zaarpppa,Zaarpppaa
Zaarpppaa,Zaarpppaaa
Zaarppaaa,Zaarppaaap
Zaarppaaap,Zaarppaaapa
Zaarppaaapa,Zaarppaaapaa
Zaarpppaa,Zaarpppaap
Zaarpppaap,Zaarpppaapa
Zaarpppaapa,Zaarpppaapaa
Zaa,Zaal
Zaal,Zaalp
Zaalp,Zaalpp
Zaalpp,Zaalppp
Zaalppp,Zaalpppp
Zaalpppp,Zaalppppp
Zaalppppp,Zaalpppppa
Zaalpppppa,Zaalpppppaa
Zapra,Zapraa
Zapraa,Zapraaa
Zapraaa,Zapraaap
Zapraaap,Zapraaapp
Zapraaapp,Zapraaappa
Zapraaappa,Zapraaappaa
Zaalpppp,Zaalppppa
Zaalppppa,Zaalppppaa
Zaalppppaa,Zaalppppaad
Zapraaap,Zapraaapa
Zapraaapa,Zapraaapaa
Zapraaapaa,Zapraaapaad
Zaalppp,Zaalpppa
Zaalpppa,Zaalpppap
Zaalpppap,Zaalpppapa
Zaalpppapa,Zaalpppapav
Zapraaa,Zapraaaa
Zapraaaa,Zapraaaap
Zapraaaap,Zapraaaapa
Zapraaaapa,Zapraaaapav
Zapl,Zaplp
Zaplp,Zaplpp
Zaplpp,Zaplppa
Zaplppa,Zaplppaa
Zaplppaa,Zaplppaap
Zaplppaap,Zaplppaapp
Zaplppaapp,Zaplppaappa
Zapr,Zaprp
Zaprp,Zaprpp
Zaprpp,Zaprppa
Zaprppa,Zaprppaa
Zaprppaa,Zaprppaap
Zaprppaap,Zaprppaapp
Zaprppaapp,Zaprppaappa
Zapla,Zaplaa
Zaplaa,Zaplaap
Zaplaap,Zaplaapa
Zaplaapa,Zaplaapap
Zaplaapap,Zaplaapapp
Zaplaapapp,Zaplaapappa
Zapraa,Zapraap
Zapraap,Zapraapa
Zapraapa,Zapraapap
Zapraapap,Zapraapapp
Zapraapapp,Zapraapappa
Zaplp,Zaplpa
Zaplpa,Zaplpaa
Zaplpaa,Zaplpaap
Zaplpaap,Zaplpaapp
Zaplpaapp,Zaplpaappp
Zaplpaappp,Zaplpaapppa
Zaprp,Zaprpa
Zaprpa,Zaprpaa
Zaprpaa,Zaprpaap
Zaprpaap,Zaprpaapp
Zaprpaapp,Zaprpaappp
Zaprpaappp,Zaprpaapppa
Zaal,Zaala
Zaala,Zaalaa
Zaalaa,Zaalaaa
Zaalaaa,Zaalaaaa
Zaalaaaa,Zaalaaaal
Zaalaaaal,Zaalaaaala
Zaalaaaala,Zaalaaaalal
Zaalaa,Zaalaap
Zaalaap,Zaalaapa
Zaalaapa,Zaalaapaa
Zaalaapaa,Zaalaapaaa
Zaalaapaaa,Zaalaapaaar
Zaplpa,Zaplpap
Zaplpap,Zaplpapa
Zaplpapa,Zaplpapaa
Zaplpapaa,Zaplpapaaa
Zaplpapaaa,Zaplpapaaap
Zaprpa,Zaprpap
Zaprpap,Zaprpapa
Zaprpapa,Zaprpapaa
Zaprpapaa,Zaprpapaaa
Zaprpapaaa,Zaprpapaaap
Zaplapaaa,Zaplapaaap
Zaplapaaap,Zaplapaaapa
Zaplapaaapa,Zaplapaaapav
Zaprapaaa,Zaprapaaap
Zaprapaaap,Zaprapaaapa
Zaprapaaapa,Zaprapaaapav
Zaala,Zaalap
Zaalap,Zaalapp
Zaalapp,Zaalappp
Zaalappp,Zaalapppa
Zaalapppa,Zaalapppaa
Zaalapppaa,Zaalapppaaa
Zaarppaa,Zaarppaap
Zaarppaap,Zaarppaapp
Zaarppaapp,Zaarppaappa
Zaarpppa,Zaarpppap
Zaarpppap,Zaarpppapp
Zaarpppapp,Zaarpppappa
Zaplapa,Zaplapap
Zaplapap,Zaplapapp
Zaplapapp,Zaplapappp
Zaplapappp,Zaplapapppp
Zaplapapppp,Zaplapappppa
Zaplapappppa,Zaplapappppap
Zaprapa,Zaprapap
Zaprapap,Zaprapapp
Zaprapapp,Zaprapappp
Zaprapappp,Zaprapapppp
Zaprapapppp,Zaprapappppa
Zaprapappppa,Zaprapappppap
Zaplaapa,Zaplaapaa
Zaplaapaa,Zaplaapaap
Zaplaapaap,Zaplaapaapp
Zapraapa,Zapraapaa
Zapraapaa,Zapraapaap
Zapraapaap,Zapraapaapp
Zaplpaap,Zaplpaapa
Zaplpaapa,Zaplpaapap
Zaplpaapap,Zaplpaapapa
Zaprpaap,Zaprpaapa
Zaprpaapa,Zaprpaapap
Zaprpaapap,Zaprpaapapa
Zaprapap,Zaprapapa
Zaprapapa,Zaprapapaa
Zaprapapaa,Zaprapapaaa
Zaprapapaaa,Zaprapapaaaa
Zaprapapaaaa,Zaprapapaaaap
Z,Zp
Zp,Zpp
Zpp,Zppp
Zppp,Zpppp
Zpppp,Zppppa
Zppppa,Zppppap
Zppppap,Zppppapa
Zaplapapp,Zaplapappa
Zaplapappa,Zaplapappaa
Zaplapappaa,Zaplapappaap
Zaplapappaap,Zaplapappaapa
Zaalppppp,Zaalpppppp
Zaalpppppp,Zaalppppppa
Zaalppppppa,Zaalppppppaa
Zapraaapp,Zapraaappp
Zapraaappp,Zapraaapppa
Zapraaapppa,Zapraaapppaa
Zaplaapap,Zaplaapapa
Zaplaapapa,Zaplaapapap
Zapraapap,Zapraapapa
Zapraapapa,Zapraapapap
Zaplpaapp,Zaplpaappa
Zaplpaappa,Zaplpaappaa
Zaprpaapp,Zaprpaappa
Zaprpaappa,Zaprpaappaa
Zaplaapapp,Zaplaapappp
Zaplaapappp,Zaplaapapppa
Zapraapapp,Zapraapappp
Zapraapappp,Zapraapapppa
Zaalpppppp,Zaalppppppp
Zaalppppppp,Zaalpppppppa
Zapraaappp,Zapraaapppp
Zapraaapppp,Zapraaappppa
Zaalpppap,Zaalpppapp
Zaalpppapp,Zaalpppappp
Zaalpppappp,Zaalpppapppa
Zapraaaap,Zapraaaapp
Zapraaaapp,Zapraaaappp
Zapraaaappp,Zapraaaapppa
Zaalppppppp,Zaalpppppppp
Zapraaapppp,Zapraaappppp
Zaalpp,Zaalppa
Zaalppa,Zaalppaa
Zaalppaa,Zaalppaaa
Zaalppaaa,Zaalppaaap
Zaalppaaap,Zaalppaaapa
Zaalaap,Zaalaapp
Zaalaapp,Zaalaappa
Zaalaappa,Zaalaappap
Zaalaappap,Zaalaappapa
Zaplpaapa,Zaplpaapaa
Zaplpaapaa,Zaplpaapaap
Zaprpaapa,Zaprpaapaa
Zaprpaapaa,Zaprpaapaap
Zaalaaa,Zaalaaap
Zaalaaap,Zaalaaapa
Zaalaaapa,Zaalaaapal
Zaalaaapal,Zaalaaapalr
Zaalaaap,Zaalaaapp
Zaalaaapp,Zaalaaappr
Zaalaaappr,Zaalaaapprl
Zaalpppa,Zaalpppaa
Zaalpppaa,Zaalpppaaa
Zaalpppaaa,Zaalpppaaaa
Zapraaaa,Zapraaaaa
Zapraaaaa,Zapraaaaaa
Zapraaaaaa,Zapraaaaaaa
Zaprapaa,Zaprapaap
Zaprapaap,Zaprapaapa
Zaprapaapa,Zaprapaapaa
Zaprapaapaa,Zaprapaapaaa
Zaprapaapaaa,Zaprapaapaaaa
Zaprpap,Zaprpapp
Zaprpapp,Zaprpappp
Zaprpappp,Zaprpapppa
Zaprpapppa,Zaprpapppap
Zaalap,Zaalapa
Zaalapa,Zaalapaa
Zaalapaa,Zaalapaaa
Zaalapaaa,Zaalapaaaa
Zaalapaaaa,Zaalapaaaaa
Zaalapp,Zaalappa
Zaalappa,Zaalappap
Zaalappap,Zaalappapa
Zaalappapa,Zaalappapaa
Zaalapa,Zaalapap
Zaalapap,Zaalapapp
Zaalapapp,Zaalapappp
Zaalapappp,Zaalapapppa
Zaalappp,Zaalapppp
Zaalapppp,Zaalappppp
Zaalappppp,Zaalapppppa
Zaplpapa,Zaplpapap
Zaplpapap,Zaplpapapa
Zaplpapapa,Zaplpapapap
Zaprpapa,Zaprpapap
Zaprpapap,Zaprpapapa
Zaprpapapa,Zaprpapapap
Zaprpapp,Zaprpappa
Zaprpappa,Zaprpappaa
Zaprpappaa,Zaprpappaap
Zaprapapaaa,Zaprapapaaap
Zaprapapaaap,Zaprapapaaapa
Zaprapapaaapa,Zaprapapaaapaa
Zaplaapapa,Zaplaapapaa
Zapraapapa,Zapraapapaa
Zaalpppppa,Zaalpppppap
Zapraaappa,Zapraaappap
Zaplpaa,Zaplpaaa
Zaplpaaa,Zaplpaaaa
Zaplpaaaa,Zaplpaaaaa
Zaplpaaaaa,Zaplpaaaaap
Zaprpaa,Zaprpaaa
Zaprpaaa,Zaprpaaaa
Zaprpaaaa,Zaprpaaaaa
Zaprpaaaaa,Zaprpaaaaap
Zaprpp,Zaprppp
Zaprppp,Zaprpppp
Zaprpppp,Zaprppppa
Zaprppppa,Zaprppppap
Zaprppppap,Zaprppppapa
Zaalppa,Zaalppap
Zaalppap,Zaalppapp
Zaalppapp,Zaalppappa
Zaalppappa,Zaalppappap
Zaar,Zaara
Zaara,Zaarap
Zaarap,Zaarapp
Zaarapp,Zaarappp
Zaarappp,Zaarapppp
Zaarapppp,Zaarappppa
Zaarappppa,Zaarappppap
Zaarppaapp,Zaarppaappp
Zaarpppapp,Zaarpppappp
Zpp,Zppa
Zppppa,Zppppaa
Zppppaa,Zppppaap
Zppppaap,Zppppaapa
Zaplapappaa,Zaplapappaaa
Zaplapappaaa,Zaplapappaaap
Zaplapappaaap,Zaplapappaaapa
Zaalapaaa,Zaalapaaap
Zaalapaaap,Zaalapaaapa
Zaalappap,Zaalappapp
Zaalappapp,Zaalappappa
Zaplaa,Zaplaaa
Zaplaaa,Zaplaaaa
Zaplaaaa,Zaplaaaaa
Zaplaaaaa,Zaplaaaaaa
Zaplaaaaaa,Zaplaaaaaap
Zaarp,Zaarpa
Zaarpa,Zaarpap
Zaarpap,Zaarpapa
Zaarpapa,Zaarpapaa
Zaarpapaa,Zaarpapaaa
Zaarpapaaa,Zaarpapaaap
Zaplpaapap,Zaplpaapapp
Zaprpaapap,Zaprpaapapp
Zaplaaaaa,Zaplaaaaap
Zaplaaaaap,Zaplaaaaapp
Zaplaaaaapp,Zaplaaaaappa
Zaarpapaa,Zaarpapaap
Zaarpapaap,Zaarpapaapp
Zaarpapaapp,Zaarpapaappa
Zaplpaappp,Zaplpaapppp
Zaplpaapppp,Zaplpaappppa
Zaprpaappp,Zaprpaapppp
Zaprpaapppp,Zaprpaappppa
Zaarpa,Zaarpaa
Zaarpaa,Zaarpaaa
Zaarpaaa,Zaarpaaaa
Zaarpaaaa,Zaarpaaaap
Zaarpaaaap,Zaarpaaaapp
Zaarpaaa,Zaarpaaap
Zaarpaaap,Zaarpaaapa
Zaarpaaapa,Zaarpaaapap
Zaplpaaa,Zaplpaaap
Zaplpaaap,Zaplpaaapa
Zaplpaaapa,Zaplpaaapap
Zaprpaaa,Zaprpaaap
Zaprpaaap,Zaprpaaapa
Zaprpaaapa,Zaprpaaapap
Zaalapappp,Zaalapapppp
Zaalappppp,Zaalapppppp
Zaalppaa,Zaalppaap
Zaalppaap,Zaalppaapp
Zaalppaapp,Zaalppaappp
Zaalaapa,Zaalaapap
Zaalaapap,Zaalaapapp
Zaalaapapp,Zaalaapappp
Zppppaap,Zppppaapp
Zaplapappaaap,Zaplapappaaapp
Zppp,Zpppa
Zaprppa,Zaprppap
Zaprppap,Zaprppapa
Zaprppapa,Zaprppapaa
Zaprppapaa,Zaprppapaap
Zaplppa,Zaplppap
Zaplppap,Zaplppapa
Zaplppapa,Zaplppapap
Zaplppapap,Zaplppapapa
Zaprppapa,Zaprppapap
Zaprppapap,Zaprppapapa
Zaplppapap,Zaplppapapp
Zaprppapap,Zaprppapapp
Zaplpp,Zaplppp
Zaplppp,Zaplpppa
Zaplpppa,Zaplpppaa
Zaplpppaa,Zaplpppaaa
Zaplpppaaa,Zaplpppaaap
Zaprppp,Zaprpppa
Zaprpppa,Zaprpppaa
Zaprpppaa,Zaprpppaaa
Zaprpppaaa,Zaprpppaaap
Zaprpapap,Zaprpapapp
Zaprpapapp,Zaprpapappp
Zaplpppaaa,Zaplpppaaaa
Zaplpaaaa,Zaplpaaaap
Zaplpaaaap,Zaplpaaaapp
Zaarapp,Zaarappa
Zaarappa,Zaarappap
Zaarappap,Zaarappapp
Zaarappapp,Zaarappappa
Zaprpaaaa,Zaprpaaaap
Zaprpaaaap,Zaprpaaaapp
Zaprpappa,Zaprpappap
Zaprpappap,Zaprpappapp
Zaplpapap,Zaplpapapp
Zaplpapapp,Zaplpapappp
Zaplppaapp,Zaplppaappp
Zaprppaapp,Zaprppaappp
Zaplppap,Zaplppapp
Zaplppapp,Zaplppappa
Zaplppappa,Zaplppappap
Zaprppap,Zaprppapp
Zaprppapp,Zaprppappa
Zaprppappa,Zaprppappap
Zaplppapp,Zaplppappp
Zaplppappp,Zaplppapppa
Zaprppapp,Zaprppappp
Zaprppappp,Zaprppapppa
Zaplppappp,Zaplppapppp
Zaprppappp,Zaprppapppp
Zaprppppap,Zaprppppapp
Zaplpap,Zaplpapp
Zaplpapp,Zaplpappp
Zaplpappp,Zaplpapppa
Zaplpapppa,Zaplpapppaa
Zaplpapppaa,Zaplpapppaap
Zppa,Zppaa
Zppaa,Zppaaa
Zppaaa,Zppaaap
Zppaaap,Zppaaapa
Zppaaapa,Zppaaapaa
Zaprppppapa,Zaprppppapap
Zaprppppapap,Zaprppppapapp
Zaprppppapapp,Zaprppppapappa
Zaprppppapappa,Zaprppppapappap
Zaprppppapapp,Zaprppppapappp
Zaprppppapappp,Zaprppppapapppp
Zaprppppapapppp,Zaprppppapappppa
Zaplppp,Zaplpppp
Zaplpppp,Zaplppppa
Zaplppppa,Zaplppppap
Zaplppppap,Zaplppppapp
Zaplppppapp,Zaplppppappl
Zaplppppappl,Zaplppppapplv
Zaplppppapplv,Zaplppppapplvd
Zaplppppapplvd,Zaplppppapplvda
Zaplppppapp,Zaplppppappr
Zaplppppappr,Zaplppppapprv
Zaplppppapprv,Zaplppppapprvd
Zaplppppapprvd,Zaplppppapprvda
Zaplppppap,Zaplppppapa
Zaplppppapa,Zaplppppapal
Zaplppppapal,Zaplppppapala
Zaplppppapala,Zaplppppapalaa
Zaplppppapa,Zaplppppapar
Zaplppppapar,Zaplppppapara
Zaplppppapara,Zaplppppaparaa
Zp,Zpa
Zpa,Zpap
Zaplppppapala,Zaplppppapalap
Zaplppppapara,Zaplppppaparap
Zaplapaaapa,Zaplapaaapad
Zaprapaaapa,Zaprapaaapad
Zpa,Zpaa
Zpaa,Zpaaa
Zpaaa,Zpaaaa
Zpaaaa,Zpaaaaa
Zpaaaaa,Zpaaaaaa
Zpaaaaaa,Zpaaaaaaa
Zpaaaaaaa,Zpaaaaaaaa
Zpaaaaaaaa,Zpaaaaaaaal
Zpaaaaaaaa,Zpaaaaaaaar
Zpaaa,Zpaaap
Zpaaap,Zpaaapa
Zpaaapa,Zpaaapaa
Zpaaapaa,Zpaaapaaa
Zpaaapaaa,Zpaaapaaaa
Zpaaapaaaa,Zpaaapaaaad
Zpaa,Zpaap
Zpaap,Zpaapp
Zpaapp,Zpaappa
Zpaappa,Zpaappaa
Zpaappaa,Zpaappaaa
Zpaappaaa,Zpaappaaaa
Zpaappaaaa,Zpaappaaaad
Zpaaapaaaa,Zpaaapaaaav
Zpaappaaaa,Zpaappaaaav
Zaprpaaaap,Zaprpaaaapa
Zaplapaa,Zaplapaap
Zaplapaap,Zaplapaapa
Zaplaaa,Zaplaaap
Zaplaaap,Zaplaaapp
Zaplaaapp,Zaplaaappa
Zaarpap,Zaarpapp
Zaarpapp,Zaarpappp
Zaarpappp,Zaarpapppa
Zaplaaapp,Zaplaaappp
Zaarpappp,Zaarpapppp
Zaplap,Zaplapp
Zaplapp,Zaplappp
Zaplappp,Zaplapppa
Zaplapppa,Zaplapppap
Zaplapppap,Zaplapppapp
Zaplapppapp,Zaplapppappa
Zaprap,Zaprapp
Zaprapp,Zaprappp
Zaprappp,Zaprapppa
Zaprapppa,Zaprapppap
Zaprapppap,Zaprapppapp
Zaprapppapp,Zaprapppappa
Zaalp,Zaalpa
Zaalpa,Zaalpap
Zaalpap,Zaalpapp
Zaalpapp,Zaalpappp
Zaalpappp,Zaalpapppa
Zaalpapppa,Zaalpapppaa
Zaarap,Zaarapa
Zaarapa,Zaarapap
Zaarapap,Zaarapapp
Zaarapapp,Zaarapappa
Zaarapappa,Zaarapappaa
Zaalpapp,Zaalpappa
Zaalpappa,Zaalpappaa
Zaalpappaa,Zaalpappaap
Zaalpappaap,Zaalpappaapa
Zaarapap,Zaarapapa
Zaarapapa,Zaarapapaa
Zaarapapaa,Zaarapapaap
Zaarapapaap,Zaarapapaapa
Zpaaaaaaa,Zpaaaaaaap
Zpaaaaaaap,Zpaaaaaaapa
Zpaaaaaaapa,Zpaaaaaaapaa
Zpaaaaaa,Zpaaaaaap
Zpaaaaaap,Zpaaaaaapa
Zpaaaaaapa,Zpaaaaaapaa
Zaarapapa,Zaarapapap
Zaarapapap,Zaarapapapp
Zpaap,Zpaapa
Zpaapa,Zpaapaa
Zpaapaa,Zpaapaaa
Zpaapaaa,Zpaapaaap
Zpaapaaap,Zpaapaaapa
Zpaapaaapa,Zpaapaaapaa
Zaalapapp,Zaalapappa
Zaalapappa,Zaalapappaa
Zaalapappaa,Zaalapappaaa
Zaalapppp,Zaalappppa
Zaalappppa,Zaalappppaa
Zaalappppaa,Zaalappppaaa
Zaalapaa,Zaalapaap
Zaalapaap,Zaalapaapp
Zaalapaapp,Zaalapaappa
Zaalapaappa,Zaalapaappaa
Zaalaapp,Zaalaappp
Zaalaappp,Zaalaapppp
Zaalaapppp,Zaalaappppa
Zaalaappppa,Zaalaappppaa
Zaalppapp,Zaalppappp
Zaalppappp,Zaalppapppa
Zaalppapppa,Zaalppapppaa
Zaarapppp,Zaarappppp
Zaarappppp,Zaarapppppa
Zaarapppppa,Zaarapppppaa
Zaalapappa,Zaalapappap
Zaalappppa,Zaalappppap
Zaalapaapp,Zaalapaappp
Zaalaapppp,Zaalaappppp
Zaalppappp,Zaalppapppp
Zaarappppp,Zaarapppppp
Zaalaaapa,Zaalaaapar
Zaalaaapar,Zaalaaaparr
Zaalaaapp,Zaalaaappl
Zaalaaappl,Zaalaaappll
Zaalaaaal,Zaalaaaalp
Zaalaaaalp,Zaalaaaalpp
Zaalaapaa,Zaalaapaap
Zaalaapaap,Zaalaapaapp
Zaalppap,Zaalppapa
Zaalppapa,Zaalppapaa
Zaalppapaa,Zaalppapaap
Zaarappp,Zaarapppa
Zaarapppa,Zaarapppaa
Zaarapppaa,Zaarapppaap
Zaplaapaa,Zaplaapaaa
Zaplaapaaa,Zaplaapaaap
Zapraapaa,Zapraapaaa
Zapraapaaa,Zapraapaaap
Zaalaaapal,Zaalaaapall
Zaalaaappr,Zaalaaapprr
Zaalppapa,Zaalppapap
Zaalppapap,Zaalppapapp
Zaarapppa,Zaarapppap
Zaarapppap,Zaarapppapp
Zaplpapppa,Zaplpapppap
Zaplpapppaa,Zaplpapppaaa
Zaplpppaa,Zaplpppaap
Zaplpppaap,Zaplpppaapa
Zaplpppaapa,Zaplpppaapap
Zaprpppaa,Zaprpppaap
Zaprpppaap,Zaprpppaapa
Zaprpppaapa,Zaprpppaapap
Zpaaapaa,Zpaaapaap
Zpaaapaap,Zpaaapaapp
Zpaapaa,Zpaapaap
Zpaapaap,Zpaapaapa
Zpaapaapa,Zpaapaapaa
Zpaapaapaa,Zpaapaapaaa
Zaara,Zaaraa
Zaaraa,Zaaraap
Zaaraap,Zaaraapa
Zaaraapa,Zaaraapap
Zaaraapap,Zaaraapapp
Zaaraapapp,Zaaraapappa
Zaaraap,Zaaraapp
Zaaraapp,Zaaraappp
Zaaraappp,Zaaraapppp
Zaaraapppp,Zaaraappppa
Zaaraapapp,Zaaraapappp
Zaaraapppp,Zaaraappppp
Zpaapaaa,Zpaapaaaa
Zpaapaaaa,Zpaapaaaaa
Zpaapaaaaa,Zpaapaaaaaa
Zpaapaaapa,Zpaapaaapap
Zaalpa,Zaalpaa
Zaalpaa,Zaalpaaa
Zaalpaaa,Zaalpaaap
Zaalpaaap,Zaalpaaapp
Zaalpaaapp,Zaalpaaappp
Zaarapa,Zaarapaa
Zaarapaa,Zaarapaap
Zaarapaap,Zaarapaapp
Zaarapaapp,Zaarapaappp
Zaaraapp,Zaaraappa
Zaaraappa,Zaaraappaa
Zaaraappaa,Zaaraappaaa
Zaaraapap,Zaaraapapa
Zaaraapapa,Zaaraapapaa
Zaaraapapaa,Zaaraapapaav
Zaaraappp,Zaaraapppa
Zaaraapppa,Zaaraapppaa
Zaaraapppaa,Zaaraapppaav
Zaalppppa,Zaalppppap
Zaalppppap,Zaalppppapa
Zaalppppapa,Zaalppppapaa
Zapraaapa,Zapraaapap
Zapraaapap,Zapraaapapa
Zapraaapapa,Zapraaapapaa
Zaalpppaa,Zaalpppaap
Zaalpppaap,Zaalpppaapd
Zapraaaaa,Zapraaaaap
Zapraaaaap,Zapraaaaapd
Zaalapaaap,Zaalapaaapp
Zaalappapp,Zaalappappp
Zaalapap,Zaalapapa
Zaalapapa,Zaalapapap
Zaalapapap,Zaalapapapa
Zaalapapapa,Zaalapapapaa
Zaalapppa,Zaalapppap
Zaalapppap,Zaalapppapa
Zaalapppapa,Zaalapppapaa
Zaplpaaap,Zaplpaaapp
Zaplpaaapp,Zaplpaaappa
Zaplpaaappa,Zaplpaaappaa
Zaprpaaap,Zaprpaaapp
Zaprpaaapp,Zaprpaaappa
Zaprpaaappa,Zaprpaaappaa
Zaarpaaaap,Zaarpaaaapa
Zaarpaaapa,Zaarpaaapaa
Zaalpppaaa,Zaalpppaaap
Zapraaaaaa,Zapraaaaaap
Zaarpaaaa,Zaarpaaaaa
Zaarpaaaaa,Zaarpaaaaal
Zaarpaaaaa,Zaarpaaaaar
Zaalppaaap,Zaalppaaapp
Zaalaappap,Zaalaappapp
Zaplapaap,Zaplapaapp
Zaprapaap,Zaprapaapp
Zaplapp,Zaplappa
Zaplappa,Zaplappaa
Zaplappaa,Zaplappaaa
Zaprapp,Zaprappa
Zaprappa,Zaprappaa
Zaprappaa,Zaprappaaa
Zaplappaa,Zaplappaap
Zaprappaa,Zaprappaap
Zaplappa,Zaplappap
Zaplappap,Zaplappapp
Zaprappa,Zaprappap
Zaprappap,Zaprappapp
Zaplapap,Zaplapapa
Zaplapapa,Zaplapapap
Zaprapapa,Zaprapapap
Zaprapapp,Zaprapappa
Zaprpppaaa,Zaprpppaaaa
Zaprpppaaaa,Zaprpppaaaap
Zaprpppaaaap,Zaprpppaaaapl
Zaprpppaaaapl,Zaprpppaaaaplp
Zaprpppaaaaplp,Zaprpppaaaaplpp
Zaprpppaaaaplpp,Zaprpppaaaaplppd
Zaprpppaaaap,Zaprpppaaaapr
Zaprpppaaaapr,Zaprpppaaaaprp
Zaprpppaaaaprp,Zaprpppaaaaprpp
Zaprpppaaaaprpp,Zaprpppaaaaprppd
Zaprpppaaaaplp,Zaprpppaaaaplpa
Zaprpppaaaaprp,Zaprpppaaaaprpa
Zaprppppapa,Zaprppppapaa
Zaprppppapaa,Zaprppppapaar
Zaprppppapaar,Zaprppppapaarp
Zaprppppapaarp,Zaprppppapaarpa
Zaprppppapaarpa,Zaprppppapaarpaa
Zaprppppapaarpaa,Zaprppppapaarpaaa
Zaprppppapaa,Zaprppppapaal
Zaprppppapaal,Zaprppppapaalp
Zaprppppapaalp,Zaprppppapaalpa
Zaprppppapaalpa,Zaprppppapaalpaa
Zaprppppapaalpaa,Zaprppppapaalpaaa
Zaprpppaaaapl,Zaprpppaaaapla
Zaprpppaaaapla,Zaprpppaaaaplaa
Zaprpppaaaapr,Zaprpppaaaapra
Zaprpppaaaapra,Zaprpppaaaapraa
Zaprpppaaaaplpp,Zaprpppaaaaplppv
Zaprpppaaaaprpp,Zaprpppaaaaprppv
Zaprpppaaaapla,Zaprpppaaaaplap
Zaprpppaaaapra,Zaprpppaaaaprap
Zaprapappa,Zaprapappaa
Zaprapappaa,Zaprapappaap
Zaprapappaap,Zaprapappaapa
Zaplapappa,Zaplapappap
Zaplapappap,Zaplapappapa
Zaplapappapa,Zaplapappapap
Zaplapappapap,Zaplapappapapa
Zaplapapa,Zaplapapaa
Zaplapapaa,Zaplapapaap
Zaplapapaap,Zaplapapaapp
Zaplapapaapp,Zaplapapaappa
Zaplapapaappa,Zaplapapaappaa
Zaplapapaappaa,Zaplapapaappaaa
Zaprapapaa,Zaprapapaap
Zaprapapaap,Zaprapapaapp
Zaprapapaapp,Zaprapapaappa
Zaprapapaappa,Zaprapapaappaa
Zaprapapaappaa,Zaprapapaappaaa
Zaplapapaappa,Zaplapapaappap
Zaplapapaappap,Zaplapapaappapp
Zaprapapaappa,Zaprapapaappap
Zaprapapaappap,Zaprapapaappapp
Zaplapapaappap,Zaplapapaappapa
Zaprapapaappap,Zaprapapaappapa
Zaplapappapap,Zaplapappapapp
Zaplpppaap,Zaplpppaapp
Zaprpppaap,Zaprpppaapp
Zaplapppapp,Zaplapppappp
Zaprapppapp,Zaprapppappp
Zaplappp,Zaplapppp
Zaplapppp,Zaplappppp
Zaplappppp,Zaplapppppp
Zaplapppppp,Zaplappppppp
Zaplappppppp,Zaplapppppppp
Zaplapppppppp,Zaplappppppppa
Zaplappppppppa,Zaplappppppppaa
Zaprappp,Zaprapppp
Zaprapppp,Zaprappppp
Zaprappppp,Zaprapppppp
Zaprapppppp,Zaprappppppp
Zaprappppppp,Zaprapppppppp
Zaprapppppppp,Zaprappppppppa
Zaprappppppppa,Zaprappppppppaa
Zaplpppa,Zaplpppap
Zaplpppap,Zaplpppapa
Zaplpppapa,Zaplpppapaa
Zaprpppa,Zaprpppap
Zaprpppap,Zaprpppapa
Zaprpppapa,Zaprpppapaa
Zaplapppppp,Zaplappppppa
Zaplappppppa,Zaplappppppaa
Zaprapppppp,Zaprappppppa
Zaprappppppa,Zaprappppppaa
Zaplappppppa,Zaplappppppap
Zaprappppppa,Zaprappppppap
Zaplapappppa,Zaplapappppaa
Zaprapappppa,Zaprapappppaa
Zaplappppppppa,Zaplappppppppap
Zaprappppppppa,Zaprappppppppap
Zaplapapaa,Zaplapapaaa
Zaplapapaaa,Zaplapapaaaa
Zaplapapaaaa,Zaplapapaaaap
Zaplpppaapa,Zaplpppaapaa
Zaprpppaapa,Zaprpppaapaa
Zaplapapaappaa,Zaplapapaappaap
Zaplapapaappaap,Zaplapapaappaapa
Zaprapapaappaa,Zaprapapaappaap
Zaprapapaappaap,Zaprapapaappaapa
Zaplapapaaa,Zaplapapaaap
Zaplapapaaap,Zaplapapaaapa
Zaplapapaaapa,Zaplapapaaapaa
Zaplappppp,Zaplapppppa
Zaplapppppa,Zaplapppppap
Zaplapppppap,Zaplapppppapp
Zaplapppppapp,Zaplapppppappp
Zaprappppp,Zaprapppppa
Zaprapppppa,Zaprapppppap
Zaprapppppap,Zaprapppppapp
Zaprapppppapp,Zaprapppppappp
Zaplppppa,Zaplppppaa
Zaplppppaa,Zaplppppaaa
Zaprppppa,Zaprppppaa
Zaprppppaa,Zaprppppaaa
Zaplapppa,Zaplapppaa
Zaplapppaa,Zaplapppaaa
Zaprapppa,Zaprapppaa
Zaprapppaa,Zaprapppaaa
Zppaaap,Zppaaapp
Zppaaapp,Zppaaappv
Zaplpappp,Zaplpapppp
Zaplpapppp,Zaplpappppa
Zaplapappapa,Zaplapappapaa
Zaplapappapaa,Zaplapappapaaa
Zaplappppppp,Zaplapppppppa
Zaprappppppp,Zaprapppppppa
Zaprapappaa,Zaprapappaaa
Zaprapappaaa,Zaprapappaaap
Zaplapappapaa,Zaplapappapaap
Zaplapapaapp,Zaplapapaappp
Zaplapapaappp,Zaplapapaapppp
Zaplapapaapppp,Zaplapapaappppp
Zaplapapaappppp,Zaplapapaapppppp
Zaplapapaapppppp,Zaplapapaappppppa
Zaplapapaappppppa,Zaplapapaappppppaa
Zaplapapaappppppaa,Zaplapapaappppppaaa
Zaprapapaapp,Zaprapapaappp
Zaprapapaappp,Zaprapapaapppp
Zaprapapaapppp,Zaprapapaappppp
Zaprapapaappppp,Zaprapapaapppppp
Zaprapapaapppppp,Zaprapapaappppppa
Zaprapapaappppppa,Zaprapapaappppppaa
Zaprapapaappppppaa,Zaprapapaappppppaaa
Zaplapapaappppppa,Zaplapapaappppppap
Zaplapapaappppppap,Zaplapapaappppppapa
Zaprapapaappppppa,Zaprapapaappppppap
Zaprapapaappppppap,Zaprapapaappppppapa
Zaplapapaappppppap,Zaplapapaappppppapp
Zaprapapaappppppap,Zaprapapaappppppapp
Zaarppa,Zaarppap
Zaarppap,Zaarppapp
Zaarppapp,Zaarppappp
Zaarppappp,Zaarppapppp
Zaarppapppp,Zaarppappppa
Zaarppappppa,Zaarppappppap
Zaarppappppap,Zaarppappppapa
Zaarppappppapa,Zaarppappppapap
Zaarppappppapap,Zaarppappppapapa
Zaarppappppapapa,Zaarppappppapapaa
Zaarppappppapapaa,Zaarppappppapapaaa
Zaarppp,Zaarpppp
Zaarpppp,Zaarppppp
Zaarppppp,Zaarpppppp
Zaarpppppp,Zaarppppppp
Zaarppppppp,Zaarpppppppa
Zaarpppppppa,Zaarpppppppap
Zaarpppppppap,Zaarpppppppapa
Zaarpppppppapa,Zaarpppppppapap
Zaarpppppppapap,Zaarpppppppapapa
Zaarpppppppapapa,Zaarpppppppapapaa
Zaarpppppppapapaa,Zaarpppppppapapaaa
Zaarppappppapapa,Zaarppappppapapap
Zaarppappppapapap,Zaarppappppapapapa
Zaarpppppppapapa,Zaarpppppppapapap
Zaarpppppppapapap,Zaarpppppppapapapa
Zaarppappppapapap,Zaarppappppapapapp
Zaarpppppppapapap,Zaarpppppppapapapp
Zaarppappppap,Zaarppappppapp
Zaarppappppapp,Zaarppappppappp
Zaarppappppappp,Zaarppappppapppa
Zaarppappppapppa,Zaarppappppapppaa
Zaarppappppapppaa,Zaarppappppapppaaa
Zaarpppppppap,Zaarpppppppapp
Zaarpppppppapp,Zaarpppppppappp
Zaarpppppppappp,Zaarpppppppapppa
Zaarpppppppapppa,Zaarpppppppapppaa
Zaarpppppppapppaa,Zaarpppppppapppaaa
Zaarppappppapppa,Zaarppappppapppap
Zaarppappppapppap,Zaarppappppapppapa
Zaarpppppppapppa,Zaarpppppppapppap
Zaarpppppppapppap,Zaarpppppppapppapa
Zaarppappppapppap,Zaarppappppapppapp
Zaarpppppppapppap,Zaarpppppppapppapp
Zaarppapppp,Zaarppappppp
Zaarppappppp,Zaarppapppppp
Zaarppapppppp,Zaarppappppppa
Zaarppappppppa,Zaarppappppppap
Zaarppappppppap,Zaarppappppppapa
Zaarppappppppapa,Zaarppappppppapaa
Zaarppappppppapaa,Zaarppappppppapaaa
Zaarppppppp,Zaarpppppppp
Zaarpppppppp,Zaarppppppppp
Zaarppppppppp,Zaarpppppppppa
Zaarpppppppppa,Zaarpppppppppap
Zaarpppppppppap,Zaarpppppppppapa
Zaarpppppppppapa,Zaarpppppppppapaa
Zaarpppppppppapaa,Zaarpppppppppapaaa
Zaarppappppppapa,Zaarppappppppapap
Zaarppappppppapap,Zaarppappppppapapa
Zaarpppppppppapa,Zaarpppppppppapap
Zaarpppppppppapap,Zaarpppppppppapapa
Zaarppappppppapap,Zaarppappppppapapp
Zaarpppppppppapap,Zaarpppppppppapapp
Zaarppapppppp,Zaarppappppppp
Zaarppappppppp,Zaarppapppppppp
Zaarppapppppppp,Zaarppappppppppa
Zaarppappppppppa,Zaarppappppppppaa
Zaarppappppppppaa,Zaarppappppppppaaa
Zaarppppppppp,Zaarpppppppppp
Zaarpppppppppp,Zaarppppppppppp
Zaarppppppppppp,Zaarpppppppppppa
Zaarpppppppppppa,Zaarpppppppppppaa
Zaarpppppppppppaa,Zaarpppppppppppaaa
Zaarppappppppppa,Zaarppappppppppap
Zaarppappppppppap,Zaarppappppppppapa
Zaarpppppppppppa,Zaarpppppppppppap
Zaarpppppppppppap,Zaarpppppppppppapa
Zaarppappppppppap,Zaarppappppppppapp
Zaarpppppppppppap,Zaarpppppppppppapp
Zaarppappppppp,Zaarppapppppppa
Zaarppapppppppa,Zaarppapppppppaa
Zaarppapppppppaa,Zaarppapppppppaaa
Zaarppapppppppaaa,Zaarppapppppppaaaa
Zaarpppppppppp,Zaarppppppppppa
Zaarppppppppppa,Zaarppppppppppaa
Zaarppppppppppaa,Zaarppppppppppaaa
Zaarppppppppppaaa,Zaarppppppppppaaaa
Zaarppapppppppaa,Zaarppapppppppaap
Zaarppapppppppaap,Zaarppapppppppaapa
Zaarppppppppppaa,Zaarppppppppppaap
Zaarppppppppppaap,Zaarppppppppppaapa
Zaarppapppppppaap,Zaarppapppppppaapp
Zaarppppppppppaap,Zaarppppppppppaapp
Zaplapppppap,Zaplapppppapa
Zaplapppppapa,Zaplapppppapap
Zaplapppppapap,Zaplapppppapapp
Zaplapppppapapp,Zaplapppppapappa
Zaplapppppapappa,Zaplapppppapappaa
Zaplapppppapappaa,Zaplapppppapappaaa
Zaprapppppap,Zaprapppppapa
Zaprapppppapa,Zaprapppppapap
Zaprapppppapap,Zaprapppppapapp
Zaprapppppapapp,Zaprapppppapappa
Zaprapppppapappa,Zaprapppppapappaa
Zaprapppppapappaa,Zaprapppppapappaaa
Zaplapppppapappa,Zaplapppppapappap
Zaplapppppapappap,Zaplapppppapappapa
Zaprapppppapappa,Zaprapppppapappap
Zaprapppppapappap,Zaprapppppapappapa
Zaplapppppapappap,Zaplapppppapappapp
Zaprapppppapappap,Zaprapppppapappapp
Zaplapppppapp,Zaplapppppappa
Zaplapppppappa,Zaplapppppappaa
Zaplapppppappaa,Zaplapppppappaaa
Zaplapppppappaaa,Zaplapppppappaaaa
Zaplapppppappaaaa,Zaplapppppappaaaaa
Zaprapppppapp,Zaprapppppappa
Zaprapppppappa,Zaprapppppappaa
Zaprapppppappaa,Zaprapppppappaaa
Zaprapppppappaaa,Zaprapppppappaaaa
Zaprapppppappaaaa,Zaprapppppappaaaaa
Zaplapppppappaaa,Zaplapppppappaaap
Zaplapppppappaaap,Zaplapppppappaaapa
Zaprapppppappaaa,Zaprapppppappaaap
Zaprapppppappaaap,Zaprapppppappaaapa
Zaplapppppappaaap,Zaplapppppappaaapp
Zaprapppppappaaap,Zaprapppppappaaapp
Zaplapppppappa,Zaplapppppappap
Zaplapppppappap,Zaplapppppappapa
Zaplapppppappapa,Zaplapppppappapaa
Zaplapppppappapaa,Zaplapppppappapaaa
Zaprapppppappa,Zaprapppppappap
Zaprapppppappap,Zaprapppppappapa
Zaprapppppappapa,Zaprapppppappapaa
Zaprapppppappapaa,Zaprapppppappapaaa
Zaplapppppappapa,Zaplapppppappapap
Zaplapppppappapap,Zaplapppppappapapa
Zaprapppppappapa,Zaprapppppappapap
Zaprapppppappapap,Zaprapppppappapapa
Zaplapppppappapap,Zaplapppppappapapp
Zaprapppppappapap,Zaprapppppappapapp
Zaalapaap,Zaalapaapa
Zaalapaapa,Zaalapaapaa
Zaalaappp,Zaalaapppa
Zaalaapppa,Zaalaapppaa
Zaplpaappa,Zaplpaappap
Zaprpaappa,Zaprpaappap
Zaplppaa,Zaplppaaa
Zaplppaaa,Zaplppaaaa
Zaplppaaaa,Zaplppaaaap
Zaplppaaaap,Zaplppaaaapp
Zaprppaa,Zaprppaaa
Zaprppaaa,Zaprppaaaa
Zaprppaaaa,Zaprppaaaap
Zaprppaaaap,Zaprppaaaapp
Zaalappa,Zaalappaa
Zaalappaa,Zaalappaap
Zaalappaap,Zaalappaapa
Zaplppapa,Zaplppapaa
Zaplppapaa,Zaplppapaaa
Zaplppapaaa,Zaplppapaaap
Zaprppapaa,Zaprppapaaa
Zaprppapaaa,Zaprppapaaap
Zaplppappa,Zaplppappaa
Zaprppappa,Zaprppappaa
Zaprpappaa,Zaprpappaaa
Zaplppaap,Zaplppaapa
Zaplppaapa,Zaplppaapap
Zaprppaap,Zaprppaapa
Zaprppaapa,Zaprppaapap
Zaalpap,Zaalpapa
Zaalpapa,Zaalpapaa
Zaalpapaa,Zaalpapaaa
Zaalpapaaa,Zaalpapaaaa
Zaarappa,Zaarappaa
Zaarappaa,Zaarappaaa
Zaarappaaa,Zaarappaaaa
Zaprpapppa,Zaprpapppaa
Zaprpappap,Zaprpappapa
Zaplpaapaa,Zaplpaapaaa
Zaprpaapaa,Zaprpaapaaa
Zaalpapa,Zaalpapap
Zaalpapap,Zaalpapapa
Zaalpapapa,Zaalpapapaa
Zaarappap,Zaarappapa
Zaarappapa,Zaarappapaa
Zaalpppapa,Zaalpppapad
Zapraaaapa,Zapraaaapad
Zaalppapaa,Zaalppapaaa
Zaarapppaa,Zaarapppaaa
Zaalapppaa,Zaalapppaap
Zaalaaaa,Zaalaaaar
Zaalaaaar,Zaalaaaarl
Zaalaaaarl,Zaalaaaarlp
Zaalaaaar,Zaalaaaarr
Zaalaaaarr,Zaalaaaarrp
Zaplpapp,Zaplpappa
Zaplpappa,Zaplpappaa
Zaplpappaa,Zaplpappaaa
Zaplapaapa,Zaplapaapaa
Zaplapaapaa,Zaplapaapaal
Zaplapaapaa,Zaplapaapaar
Zaplapaaap,Zaplapaaapp
Zaprapaaap,Zaprapaaapp
Zaprpaaaapa,Zaprpaaaapal
Zaprpaaaapa,Zaprpaaaapar
Zaalppapap,Zaalppapapa
Zaarapppap,Zaarapppapa
Zaplpaaaaa,Zaplpaaaaaa
Zaprpaaaaa,Zaprpaaaaaa
Zaplppapaa,Zaplppapaap
Zaplppapaaa,Zaplppapaaaa
Zaprppapaaa,Zaprppapaaaa
Zaplapapaaapa,Zaplapapaaapap
Zaprapapaaapa,Zaprapapaaapap
Zaplpapaa,Zaplpapaap
Zaplpapaap,Zaplpapaapa
Zaprpapaa,Zaprpapaap
Zaprpapaap,Zaprpapaapa
Zaplpapapp,Zaplpapappa
Zaprpapapp,Zaprpapappa
Zaplppaaaa,Zaplppaaaaa
Zaprppaaaa,Zaprppaaaaa
Zaplpapaap,Zaplpapaapp
Zaprpapaap,Zaprpapaapp
Zaalpapapa,Zaalpapapap
Zaalpapapap,Zaalpapapapp
Zaarappapa,Zaarappapap
Zaarappapap,Zaarappapapp
Zaalpapap,Zaalpapapp
Zaalpapapp,Zaalpapappp
Zaarappapp,Zaarappappp
Zaplpapaaa,Zaplpapaaaa
Zaprpapaaa,Zaprpapaaaa
Zaalppappa,Zaalppappaa
Zaarappppa,Zaarappppaa
Zaprppppapaalpaa,Zaprppppapaalpaap
Zaprppppapaarpaa,Zaprppppapaarpaap
Zaprppppapaalpa,Zaprppppapaalpap
Zaprppppapaalpap,Zaprppppapaalpapa
Zaprppppapaalpapa,Zaprppppapaalpapaa
Zaprppppapaarpa,Zaprppppapaarpap
Zaprppppapaarpap,Zaprppppapaarpapa
Zaprppppapaarpapa,Zaprppppapaarpapaa
Zaprppppapaal,Zaprppppapaala
Zaprppppapaala,Zaprppppapaalaa
Zaprppppapaalaa,Zaprppppapaalaal
Zaprppppapaalaal,Zaprppppapaalaald
Zaprppppapaalaald,Zaprppppapaalaalda
Zaprppppapaar,Zaprppppapaara
Zaprppppapaara,Zaprppppapaaraa
Zaprppppapaaraa,Zaprppppapaaraal
Zaprppppapaaraal,Zaprppppapaaraald
Zaprppppapaaraald,Zaprppppapaaraalda
Zaprppppapaaraa,Zaprppppapaaraar
Zaprppppapaaraar,Zaprppppapaaraard
Zaprppppapaaraard,Zaprppppapaaraarda
Zaprppppapaalpapa,Zaprppppapaalpapap
Zaprppppapaarpapa,Zaprppppapaarpapap
Zaprppppapaalaald,Zaprppppapaalaaldp
Zaprppppapaaraald,Zaprppppapaaraaldp
Zaprppppapaalaa,Zaprppppapaalaar
Zaprppppapaalaar,Zaprppppapaalaard
Zaprppppapaalaard,Zaprppppapaalaarda
Zaprppppapaalp,Zaprppppapaalpp
Zaprppppapaalpp,Zaprppppapaalppp
Zaprppppapaalppp,Zaprppppapaalpppl
Zaprppppapaarp,Zaprppppapaarpp
Zaprppppapaarpp,Zaprppppapaarppp
Zaprppppapaarppp,Zaprppppapaarpppl
Zaprppppapaalppp,Zaprppppapaalpppr
Zaprppppapaarppp,Zaprppppapaarpppr
Zaprppppapaalaal,Zaprppppapaalaalv
Zaprppppapaaraal,Zaprppppapaaraalv
Zaprppppapaalaar,Zaprppppapaalaarv
Zaprppppapaaraar,Zaprppppapaaraarv
Zaprppppapaalpap,Zaprppppapaalpapp
Zaprppppapaarpap,Zaprppppapaarpapp
Zaplaaaaaa,Zaplaaaaaaa
Zaarpapaaa,Zaarpapaaaa
Zaplpaaapa,Zaplpaaapaa
Zaprpaaapa,Zaprpaaapaa
Zaplaapaap,Zaplaapaapa
Zapraapaap,Zapraapaapa
Zaplaaaaapp,Zaplaaaaappp
Zaarpapaapp,Zaarpapaappp
Zaalapapap,Zaalapapapp
Zaalapppap,Zaalapppapp
Zaplpaaapp,Zaplpaaappp
Zaprpaaapp,Zaprpaaappp
Zaarppap,Zaarppapa
Zaarppapa,Zaarppapaa
Zaarpppp,Zaarppppa
Zaarppppa,Zaarppppaa
Zaarppapa,Zaarppapap
Zaarppppa,Zaarppppap
Zaplappap,Zaplappapa
Zaprappap,Zaprappapa
Zaarppapp,Zaarppappa
Zaarppppp,Zaarpppppa
Zaprapaapa,Zaprapaapap
Zaprapaapap,Zaprapaapapa
Zppppaa,Zppppaaa
Zppppaaa,Zppppaaaa
Zaplapappaaa,Zaplapappaaaa
Zaplapappaaaa,Zaplapappaaaaa
Zaprapappaaa,Zaprapappaaaa
Zaprapappaaaa,Zaprapappaaaaa
Zaprapaapaaa,Zaprapaapaaap
Zppppaaa,Zppppaaap
Zaprapaapap,Zaprapaapapp
Zppppap,Zppppapp
Zaplapappaap,Zaplapappaapp
Zaprapappaap,Zaprapappaapp
Zaplaaap,Zaplaaapa
Zaplaaapa,Zaplaaapaa
Zaarpapp,Zaarpappa
Zaarpappa,Zaarpappaa
Zpaapp,Zpaappp
Zpaappp,Zpaapppa
Zpaapppa,Zpaapppaa
Zpaapppaa,Zpaapppaap
Zpppp,Zppppp
Zpaaap,Zpaaapp
Zpaaapp,Zpaaappa
Zpaaappa,Zpaaappaa
Zpaaappaa,Zpaaappaap
Zaaraa,Zaaraaa
Zaaraaa,Zaaraaap
Zaaraaap,Zaaraaapp
Zaaraaapp,Zaaraaappp
Zaaraaappp,Zaaraaapppa
Zaalpaa,Zaalpaap
Zaalpaap,Zaalpaapp
Zaalpaapp,Zaalpaappa
Zaalpaappa,Zaalpaappaa
Zaalpapaa,Zaalpapaap
Zaalpapaap,Zaalpapaapa
Zaalpaap,Zaalpaapa
Zaalpaapa,Zaalpaapaa
Zaalpaapaa,Zaalpaapaaa
Zaalpaappa,Zaalpaappap
Zaaraaap,Zaaraaapa
Zaaraaapa,Zaaraaapaa
Zaaraaapaa,Zaaraaapaaa
Zaaraaapp,Zaaraaappa
Zaaraaappa,Zaaraaappaa
Zaaraaappa,Zaaraaappap
Zaarapapap,Zaarapapapa
Zpaaapaapp,Zpaaapaappd
Zpaaapaappd,Zpaaapaappdl
Zpaaapaappdl,Zpaaapaappdlp
Zpaaapaappdlp,Zpaaapaappdlpa
Zpaaapaappd,Zpaaapaappdr
Zpaaapaappdr,Zpaaapaappdrp
Zpaaapaappdrp,Zpaaapaappdrpa
Zpaaapaappdlpa,Zpaaapaappdlpap
Zpaaapaappdlpap,Zpaaapaappdlpapp
Zpaaapaappdlpapp,Zpaaapaappdlpappp
Zpaaapa,Zpaaapap
Zpaaapap,Zpaaapapa
Zpaaapapa,Zpaaapapaa
Zpaaapapaa,Zpaaapapaaa
Zpaappa,Zpaappap
Zpaappap,Zpaappapa
Zpaappapa,Zpaappapaa
Zpaappapaa,Zpaappapaaa
Zpaaapapaa,Zpaaapapaap
Zpaappapaa,Zpaappapaap
Zaaraaa,Zaaraaaa
Zaaraaaa,Zaaraaaap
Zaaraaaap,Zaaraaaapa
Zaaraaaapa,Zaaraaaapap
Zaaraaaa,Zaaraaaaa
Zaaraaaaa,Zaaraaaaaa
Zaaraaaaaa,Zaaraaaaaaa
Zaaraaaaa,Zaaraaaaap
Zaaraaaaap,Zaaraaaaapa
Zaalpaapaa,Zaalpaapaap
Zaaraaapaa,Zaaraaapaap
Zaalpappa,Zaalpappap
Zaalpappap,Zaalpappapa
Zaaraapa,Zaaraapaa
Zaaraapaa,Zaaraapaaa
Zaaraapaaa,Zaaraapaaaa
Zaalpaaa,Zaalpaaaa
Zaalpaaaa,Zaalpaaaaa
Zaalpaaaaa,Zaalpaaaaaa
Zaarapaa,Zaarapaaa
Zaarapaaa,Zaarapaaaa
Zaarapaaaa,Zaarapaaaaa
Zaplpappaa,Zaplpappaap
Zaplpaaaap,Zaplpaaaapa
Zaplpapapa,Zaplpapapaa
Zaprpapapa,Zaprpapapaa
Zaplapaapa,Zaplapaapap
Zpaaaa,Zpaaaap
Zpaaaap,Zpaaaapa
Zpaaaapa,Zpaaaapaa
Zpaaaapaa,Zpaaaapaap
Zpaaaapaap,Zpaaaapaapa
Zpaaaapaapa,Zpaaaapaapaa
Zpaapa,Zpaapap
Zpaapap,Zpaapapa
Zpaapapa,Zpaapapaa
Zpaapapaa,Zpaapapaap
Zpaapapaap,Zpaapapaapa
Zpaapapaapa,Zpaapapaapaa
Zpaaaaaaapa,Zpaaaaaaapap
Zpaaaapa,Zpaaaapap
Zpaaaapap,Zpaaaapapa
Zpaaaapapa,Zpaaaapapaa
Zpaapapa,Zpaapapap
Zpaapapap,Zpaapapapa
Zpaapapapa,Zpaapapapaa
Zpaapppaap,Zpaapppaapp
Zpaapppaapp,Zpaapppaappp
Zpaapppaappp,Zpaapppaapppp
Zpaaappaap,Zpaaappaapa
Zpaaappaapa,Zpaaappaapaa
Zpaaappaapaa,Zpaaappaapaaa
Zpaapppaap,Zpaapppaapa
Zpaapppaapa,Zpaapppaapaa
Zpaaappaap,Zpaaappaapp
Zpaaappaapp,Zpaaappaappp
Zpaapppaapa,Zpaapppaapap
Zpaapppaapap,Zpaapppaapapa
Zpaapppaapp,Zpaapppaappa
Zpaapppaappa,Zpaapppaappaa
Zpaapppaappaa,Zpaapppaappaaa
Zpaaappaapp,Zpaaappaappa
Zpaaappaappa,Zpaaappaappap
Zpaaappaapa,Zpaaappaapap
Zpaaappaapap,Zpaaappaapapp
Zpaaappaapapp,Zpaaappaapappp
Zpaapppaapap,Zpaapppaapapp
Zpaapppaapapp,Zpaapppaapappa
Zpaapppaapappa,Zpaapppaapappaa
Zpaapppaapappaa,Zpaapppaapappaaa
Zpaapppaapappaa,Zpaapppaapappaap
Zpaapppaapappa,Zpaapppaapappap
Zpaapppaapappap,Zpaapppaapappapa
Zpaapppaapappap,Zpaapppaapappapp
Zpaapppaappaa,Zpaapppaappaap
Zpaapppaappaap,Zpaapppaappaapa
Zpaapppaappaapa,Zpaapppaappaapaa
Zpaapppaappaapaa,Zpaapppaappaapaaa
Zpaapppaappaapaa,Zpaapppaappaapaap
Zpaapppaappaapa,Zpaapppaappaapap
Zpaapppaappaapap,Zpaapppaappaapapa
Zpaapppaappaapap,Zpaapppaappaapapp
Zpaaappaappa,Zpaaappaappaa
Zpaaappaappaa,Zpaaappaappaap
Zpaaappaappaap,Zpaaappaappaapa
Zpaaappaappaapa,Zpaaappaappaapaa
Zpaaappaappaapa,Zpaaappaappaapap
Zpaaappaappaap,Zpaaappaappaapp
Zpaaappaappaapp,Zpaaappaappaappa
Zpaaappaappaapp,Zpaaappaappaappp
Zpaaappaapapp,Zpaaappaapappa
Zpaaappaapappa,Zpaaappaapappap
Zpaaappaapappap,Zpaaappaapappapa
Zpaaappaapappapa,Zpaaappaapappapaa
Zpaaappaapappapa,Zpaaappaapappapap
Zpaaappaapappap,Zpaaappaapappapp
Zpaaappaapappapp,Zpaaappaapappappa
Zpaaappaapappapp,Zpaaappaapappappp
Zpaapppaapapp,Zpaapppaapappp
Zpaapppaapappp,Zpaapppaapapppa
Zpaapppaapapppa,Zpaapppaapapppaa
Zpaapppaapapppaa,Zpaapppaapapppaaa
Zpaapppaapapppaaa,Zpaapppaapapppaaaa
Zpaapppaapapppaaa,Zpaapppaapapppaaap
Zpaapppaapapppaa,Zpaapppaapapppaap
Zpaapppaapapppaap,Zpaapppaapapppaapa
Zpaapppaapapppaap,Zpaapppaapapppaapp
Zpaapppaapapppa,Zpaapppaapapppap
Zpaapppaapapppap,Zpaapppaapapppapa
Zpaapppaapapppapa,Zpaapppaapapppapaa
Zpaapppaapapppapa,Zpaapppaapapppapap
Zpaapppaapapppap,Zpaapppaapapppapp
Zpaapppaapappp,Zpaapppaapapppp
Zpaapppaapapppp,Zpaapppaapappppa
Zpaapppaapapppp,Zpaapppaapappppp
Zpaapppaappaap,Zpaapppaappaapp
Zpaapppaappaapp,Zpaapppaappaappa
Zpaapppaappaappa,Zpaapppaappaappaa
Zpaapppaappaappaa,Zpaapppaappaappaaa
Zpaapppaappaappaaa,Zpaapppaappaappaaaa
Zpaapppaappaappaaa,Zpaapppaappaappaaap
Zpaapppaappaappaa,Zpaapppaappaappaap
Zpaapppaappaappaap,Zpaapppaappaappaapa
Zpaapppaappaappaap,Zpaapppaappaappaapp
Zpaapppaappaappa,Zpaapppaappaappap
Zpaapppaappaappap,Zpaapppaappaappapa
Zpaapppaappaappapa,Zpaapppaappaappapaa
Zpaapppaappaappapa,Zpaapppaappaappapap
Zpaapppaappaappap,Zpaapppaappaappapp
Zpaapppaappaapp,Zpaapppaappaappp
Zpaapppaappaappp,Zpaapppaappaapppa
Zpaapppaappaappp,Zpaapppaappaapppp
Zpaapppaappa,Zpaapppaappap
Zpaapppaappap,Zpaapppaappapa
Zpaapppaappapa,Zpaapppaappapaa
Zpaapppaappapaa,Zpaapppaappapaaa
Zpaapppaappapaaa,Zpaapppaappapaaad
Zpaapppaappapaaa,Zpaapppaappapaaav
Zpaapppaappapaa,Zpaapppaappapaap
Zpaapppaappapaap,Zpaapppaappapaapv
Zpaaappaapap,Zpaaappaapapa
Zpaaappaapapa,Zpaaappaapapaa
Zpaaappaapapaa,Zpaaappaapapaaa
Zpaaappaapapaaa,Zpaaappaapapaaaa
Zpaaappaapapaaaa,Zpaaappaapapaaaad
Zpaaappaapapaaaa,Zpaaappaapapaaaav
Zpaaappaapapaaa,Zpaaappaapapaaap
Zpaaappaapapaaap,Zpaaappaapapaaapv
Zpaaappaappaa,Zpaaappaappaaa
Zpaaappaappaaa,Zpaaappaappaaaa
Zpaaappaappaaaa,Zpaaappaappaaaaa
Zpaaappaappaaaa,Zpaaappaappaaaap
Zpaaappaappaaa,Zpaaappaappaaap
Zpaaappaappaaap,Zpaaappaappaaapa
Zpaaappaappaaapa,Zpaaappaappaaapaa
Zpaaappaappaaapa,Zpaaappaappaaapap
Zpaaappaappaaapap,Zpaaappaappaaapapa
Zpaaappaappaaapap,Zpaaappaappaaapapp
Zpaaappaappaaap,Zpaaappaappaaapp
Zpaaappaappaaapp,Zpaaappaappaaappa
Zpaaappaappaaappa,Zpaaappaappaaappaa
Zpaaappaappaaappa,Zpaaappaappaaappap
Zpaaappaappaaapp,Zpaaappaappaaappp
Zpaaappaappaaappp,Zpaaappaappaaapppa
Zpaaappaappaaappp,Zpaaappaappaaapppp
Zpaaappaapappa,Zpaaappaapappaa
Zpaaappaapappaa,Zpaaappaapappaaa
Zpaaappaapappaaa,Zpaaappaapappaaaa
Zpaaappaapappaaa,Zpaaappaapappaaap
Zpaaappaapappaa,Zpaaappaapappaap
Zpaaappaapappaap,Zpaaappaapappaapa
Zpaaappaapappaapa,Zpaaappaapappaapaa
Zpaaappaapappaapa,Zpaaappaapappaapap
Zpaaappaapappaapap,Zpaaappaapappaapapa
Zpaaappaapappaapap,Zpaaappaapappaapapp
Zpaaappaapappaap,Zpaaappaapappaapp
Zpaaappaapappaapp,Zpaaappaapappaappa
Zpaaappaapappaappa,Zpaaappaapappaappaa
Zpaaappaapappaappa,Zpaaappaapappaappap
Zpaaappaapappaapp,Zpaaappaapappaappp
Zpaaappaapappaappp,Zpaaappaapappaapppa
Zpaaappaapappaappp,Zpaaappaapappaapppp
Zpaaappaapapa,Zpaaappaapapap
Zpaaappaapapap,Zpaaappaapapapp
Zpaaappaapapapp,Zpaaappaapapappa
Zpaaappaapapappa,Zpaaappaapapappav
Zpaaappaapapapp,Zpaaappaapapappp
Zpaaappaapapappp,Zpaaappaapapapppd
Zpaaappaapapappp,Zpaaappaapapapppv
Zpaapppaappap,Zpaapppaappapp
Zpaapppaappapp,Zpaapppaappappp
Zpaapppaappappp,Zpaapppaappapppa
Zpaapppaappapppa,Zpaapppaappapppav
Zpaapppaappappp,Zpaapppaappapppp
Zpaapppaappapppp,Zpaapppaappappppd
Zpaapppaappapppp,Zpaapppaappappppv
Zpaapppaappapaap,Zpaapppaappapaapd
Zpaapppaappapa,Zpaapppaappapap
Zpaapppaappapap,Zpaapppaappapapa
Zpaapppaappapapa,Zpaapppaappapapaa
Zpaapppaappapapaa,Zpaapppaappapapaaa
Zpaapppaappp,Zpaapppaapppa
Zpaapppaapppa,Zpaapppaapppaa
Zpaapppaapppaa,Zpaapppaapppaaa
Zpaapppaapppaaa,Zpaapppaapppaaaa
Zpaapppaapppaaaa,Zpaapppaapppaaaaa
Zpaapppaapppaaa,Zpaapppaapppaaap
Zpaapppaapppaaap,Zpaapppaapppaaapa
Zpaaappaapapaaap,Zpaaappaapapaaapd
Zpaaappaapapaa,Zpaaappaapapaap
Zpaaappaapapaap,Zpaaappaapapaapa
Zpaaappaapapaapa,Zpaaappaapapaapaa
Zpaaappaapapaapaa,Zpaaappaapapaapaaa
Zpaapppaappapp,Zpaapppaappappa
Zpaapppaappappa,Zpaapppaappappap
Zpaapppaappappap,Zpaapppaappappapp
Zpaapppaappappapp,Zpaapppaappappappp
Zpaapppaappapppa,Zpaapppaappapppad
Zpaaappaapapap,Zpaaappaapapapa
Zpaaappaapapapa,Zpaaappaapapapap
Zpaaappaapapapap,Zpaaappaapapapapp
Zpaaappaapapapapp,Zpaaappaapapapappp
Zpaaappaapapappa,Zpaaappaapapappad
Zpaaappaapaa,Zpaaappaapaap
Zpaaappaapaap,Zpaaappaapaapp
Zpaaappaapaapp,Zpaaappaapaappp
Zpaaappaapaappp,Zpaaappaapaapppa
Zpaaappaapaapppa,Zpaaappaapaapppap
Zpaaappaapaappp,Zpaaappaapaapppp
Zpaaappaapaapppp,Zpaaappaapaappppp
Zpaapppaappapapaa,Zpaapppaappapapaap
Zpaapppaappapapa,Zpaapppaappapapap
Zpaapppaappapapap,Zpaapppaappapapapa
Zpaapppaappapapap,Zpaapppaappapapapp
Zpaapppaappapap,Zpaapppaappapapp
Zpaapppaappapapp,Zpaapppaappapappa
Zpaapppaappapappa,Zpaapppaappapappaa
Zpaapppaappapappa,Zpaapppaappapappap
Zpaapppaappapapp,Zpaapppaappapappp
Zpaapppaappapappp,Zpaapppaappapapppa
Zpaapppaappapappp,Zpaapppaappapapppp
Zpaapppaappappa,Zpaapppaappappaa
Zpaapppaappappaa,Zpaapppaappappaaa
Zpaapppaappappaaa,Zpaapppaappappaaaa
Zpaapppaappappaaa,Zpaapppaappappaaap
Zpaapppaappappaa,Zpaapppaappappaap
Zpaapppaappappaap,Zpaapppaappappaapa
Zpaapppaappappaap,Zpaapppaappappaapp
Zpaapppaappappap,Zpaapppaappappapa
Zpaapppaappappapa,Zpaapppaappappapaa
Zpaapppaappappapa,Zpaapppaappappapap
Zpaapppaappappapp,Zpaapppaappappappa
Zpaaappaapapaapaa,Zpaaappaapapaapaap
Zpaaappaapapaapa,Zpaaappaapapaapap
Zpaaappaapapaapap,Zpaaappaapapaapapa
Zpaaappaapapaapap,Zpaaappaapapaapapp
Zpaaappaapapaap,Zpaaappaapapaapp
Zpaaappaapapaapp,Zpaaappaapapaappa
Zpaaappaapapaappa,Zpaaappaapapaappaa
Zpaaappaapapaappa,Zpaaappaapapaappap
Zpaaappaapapaapp,Zpaaappaapapaappp
Zpaaappaapapaappp,Zpaaappaapapaapppa
Zpaaappaapapaappp,Zpaaappaapapaapppp
Zpaaappaapapapa,Zpaaappaapapapaa
Zpaaappaapapapaa,Zpaaappaapapapaaa
Zpaaappaapapapaaa,Zpaaappaapapapaaaa
Zpaaappaapapapaaa,Zpaaappaapapapaaap
Zpaaappaapapapaa,Zpaaappaapapapaap
Zpaaappaapapapaap,Zpaaappaapapapaapa
Zpaaappaapapapaap,Zpaaappaapapapaapp
Zpaaappaapapapap,Zpaaappaapapapapa
Zpaaappaapapapapa,Zpaaappaapapapapaa
Zpaaappaapapapapa,Zpaaappaapapapapap
Zpaaappaapapapapp,Zpaaappaapapapappa
Zpaapppaapppaaaa,Zpaapppaapppaaaap
Zpaapppaapppaaap,Zpaapppaapppaaapp
Zpaapppaapppaa,Zpaapppaapppaap
Zpaapppaapppaap,Zpaapppaapppaapa
Zpaapppaapppaapa,Zpaapppaapppaapaa
Zpaapppaapppaapa,Zpaapppaapppaapap
Zpaapppaapppaap,Zpaapppaapppaapp
Zpaapppaapppaapp,Zpaapppaapppaappa
Zpaapppaapppaapp,Zpaapppaapppaappp
Zpaapppaapppa,Zpaapppaapppap
Zpaapppaapppap,Zpaapppaapppapa
Zpaapppaapppapa,Zpaapppaapppapaa
Zpaapppaapppapaa,Zpaapppaapppapaaa
Zpaapppaapppapaa,Zpaapppaapppapaap
Zpaapppaapppapa,Zpaapppaapppapap
Zpaapppaapppapap,Zpaapppaapppapapa
Zpaapppaapppapap,Zpaapppaapppapapp
Zpaapppaapppap,Zpaapppaapppapp
Zpaapppaapppapp,Zpaapppaapppappd
Zpaapppaapppp,Zpaapppaappppa
Zpaapppaappppa,Zpaapppaappppaa
Zpaapppaappppaa,Zpaapppaappppaad
Zpaapppaappppaa,Zpaapppaappppaav
Zpaapppaappppa,Zpaapppaappppap
Zpaapppaappppap,Zpaapppaappppapd
Zpaapppaappppap,Zpaapppaappppapv
Zpaapppaapppp,Zpaapppaappppp
Zpaapppaappppp,Zpaapppaapppppa
Zpaapppaapppppa,Zpaapppaapppppad
Zpaapppaapppppa,Zpaapppaapppppav
Zpaapppaappppp,Zpaapppaapppppp
Zpaapppaapppppp,Zpaapppaappppppa
Zpaapppaappppppa,Zpaapppaappppppaa
Zpaapppaappppppa,Zpaapppaappppppap
Zpaapppaapppppp,Zpaapppaappppppp
Zpaapppaappppppp,Zpaapppaapppppppa
Zpaapppaappppppp,Zpaapppaapppppppp
Zpaaappaapaap,Zpaaappaapaapa
Zpaaappaapaapa,Zpaaappaapaapaa
Zpaaappaapaapaa,Zpaaappaapaapaad
Zpaaappaapaapaa,Zpaaappaapaapaav
Zpaaappaapaapa,Zpaaappaapaapap
Zpaaappaapaapap,Zpaaappaapaapapd
Zpaaappaapaapap,Zpaaappaapaapapv
Zpaaappaapaapp,Zpaaappaapaappa
Zpaaappaapaappa,Zpaaappaapaappaa
Zpaaappaapaappaa,Zpaaappaapaappaaa
Zpaaappaapaappaa,Zpaaappaapaappaap
Zpaaappaapaappa,Zpaaappaapaappap
Zpaaappaapaappap,Zpaaappaapaappapa
Zpaaappaapaappap,Zpaaappaapaappapp
Zpaaappaapaapppa,Zpaaappaapaapppaa
Zpaaappaapaapppp,Zpaaappaapaappppa
Zpaapppaapppapa,Zpaapppaapppapad
Zpaapppaapppapa,Zpaapppaapppapav
Zpaapppaapppapp,Zpaapppaapppappv
Zpaaappaapaaa,Zpaaappaapaaaa
Zpaaappaapaaaa,Zpaaappaapaaaaa
Zpaaappaapaaaaa,Zpaaappaapaaaaaa
Zpaaappaapaaaaaa,Zpaaappaapaaaaaaa
Zpaaappaapaaaaaa,Zpaaappaapaaaaaap
Zpaaappaapaaaaa,Zpaaappaapaaaaap
Zpaaappaapaaaaap,Zpaaappaapaaaaapa
Zpaaappaapaaaaap,Zpaaappaapaaaaapp
Zpaaappaapaaaa,Zpaaappaapaaaap
Zpaaappaapaaaap,Zpaaappaapaaaapd
Zpaaappaapaaaap,Zpaaappaapaaaapv
Zpaaappaapaaa,Zpaaappaapaaap
Zpaaappaapaaap,Zpaaappaapaaapa
Zpaaappaapaaapa,Zpaaappaapaaapad
Zpaaappaapaaapa,Zpaaappaapaaapav
Zpaaappaapaaap,Zpaaappaapaaapp
Zpaaappaapaaapp,Zpaaappaapaaappv
Zpaaappaapaaapp,Zpaaappaapaaappd
Zpaaappaapaapap,Zpaaappaapaapapa
Zpaaappaapaapapa,Zpaaappaapaapapaa
Zpaaappaapaapapa,Zpaaappaapaapapap
Zpaaappaapaapap,Zpaaappaapaapapp
Zpaaappaapaapapp,Zpaaappaapaapappa
Zpaaappaapaapapp,Zpaaappaapaapappp
Zpaapppaappppaa,Zpaapppaappppaaa
Zpaapppaappppaaa,Zpaapppaappppaaaa
Zpaapppaappppaaa,Zpaapppaappppaaap
Zpaapppaappppaa,Zpaapppaappppaap
Zpaaappaapapaaaa,Zpaaappaapapaaaaa
Zpaaappaapapaaaa,Zpaaappaapapaaaap
Zpaapppaappapaaa,Zpaapppaappapaaaa
Zpaapppaappapaaa,Zpaapppaappapaaap
Zpaapppaappapaap,Zpaapppaappapaapa
Zpaapppaappapaapa,Zpaapppaappapaapaa
Zpaapppaappapaapa,Zpaapppaappapaapap
Zpaapppaappapaap,Zpaapppaappapaapp
Zpaapppaappapaapp,Zpaapppaappapaappa
Zpaapppaappapaappa,Zpaapppaappapaappaa
Zpaapppaappapaappa,Zpaapppaappapaappap
Zpaapppaappapaapp,Zpaapppaappapaappp
Zpaaappaapaaaaapa,Zpaaappaapaaaaapaa
Zpaaappaapaaaaapa,Zpaaappaapaaaaapap
Zpaaappaapaaaaapp,Zpaaappaapaaaaappa
Zpaaappaapaaaaappa,Zpaaappaapaaaaappaa
Zpaaappaapaaaaappa,Zpaaappaapaaaaappap
Zpaaappaapaaaaapp,Zpaaappaapaaaaappp
Zpaaappaapaaaap,Zpaaappaapaaaapa
Zpaaappaapaaaap,Zpaaappaapaaaapp
Zpaaappaapaapaa,Zpaaappaapaapaaa
Zpaaappaapaapaaa,Zpaaappaapaapaaaa
Zpaaappaapaapaaa,Zpaaappaapaapaaap
Zpaaappaapaapaa,Zpaaappaapaapaap
Zpaaappaapaapaap,Zpaaappaapaapaapa
Zpaaappaapaapaapa,Zpaaappaapaapaapaa
Zpaaappaapaapaapa,Zpaaappaapaapaapap
Zpaaappaapaapaap,Zpaaappaapaapaapp
Zpaaappaapaapaapp,Zpaaappaapaapaappa
Zpaaappaapaapaappa,Zpaaappaapaapaappaa
Zpaaappaapaapaappa,Zpaaappaapaapaappap
Zpaaappaapaapaapp,Zpaaappaapaapaappp
Zpaapppaappaaa,Zpaapppaappaaaa
Zpaapppaappaaaa,Zpaapppaappaaaaa
Zpaapppaappaaaaa,Zpaapppaappaaaaaa
Zpaapppaappaaaaa,Zpaapppaappaaaaap
Zpaapppaappaaaa,Zpaapppaappaaaap
Zpaapppaappaaaap,Zpaapppaappaaaapa
Zpaapppaappaaaapa,Zpaapppaappaaaapaa
Zpaapppaappaaaapa,Zpaapppaappaaaapap
Zpaapppaappaaaap,Zpaapppaappaaaapp
Zpaapppaappaaaapp,Zpaapppaappaaaappa
Zpaapppaappaaaappa,Zpaapppaappaaaappaa
Zpaapppaappaaaappa,Zpaapppaappaaaappap
Zpaapppaappaaaapp,Zpaapppaappaaaappp
Zpaapppaappaaa,Zpaapppaappaaap
Zpaapppaappaaap,Zpaapppaappaaapa
Zpaapppaappaaap,Zpaapppaappaaapp
Zpaaappaa,Zpaaappaaa
Zaalpaapp,Zaalpaappp
Zaalpaappp,Zaalpaapppa
Zaaraaappp,Zaaraaapppp
Zaarappaa,Zaarappaap
Zaarappaap,Zaarappaapa
Zaalpaappp,Zaalpaapppp
Zaalpapaaa,Zaalpapaaap
Zaplaapaaa,Zaplaapaaaa
Zapraapaaa,Zapraapaaaa
Zaarpapa,Zaarpapap
Zaarpapap,Zaarpapapa
Zaplaap,Zaplaapp
Zaplaapp,Zaplaappa
Zaplaappa,Zaplaappaa
Zapraap,Zapraapp
Zapraapp,Zapraappa
Zapraappa,Zapraappaa
Zaarpappa,Zaarpappap
Zaplaaapa,Zaplaaapap
Zaarpaa,Zaarpaap
Zaarpaap,Zaarpaapa
Zaarpaapa,Zaarpaapaa
Zaarpapap,Zaarpapapp
Zaplaaaa,Zaplaaaap
Zaplaaaap,Zaplaaaapa
Zaplaaaap,Zaplaaaapp
Zaplaappa,Zaplaappap
Zapraappa,Zapraappap
Zaarpaapa,Zaarpaapap
Zaarpaap,Zaarpaapp
Zaarpaapp,Zaarpaappa
Zaarpaapp,Zaarpaappp
Zaarppaap,Zaarppaapa
Zaarpppap,Zaarpppapa
Zaplaapp,Zaplaappp
Zaplaappp,Zaplaapppa
Zaplaappp,Zaplaapppp
Zaplapppp,Zaplappppa
Zapraapp,Zapraappp
Zapraappp,Zapraapppa
Zapraappp,Zapraapppp
Zaprapppp,Zaprappppa
Zppaaa,Zppaaaa
Zppaaaa,Zppaaaaa
Zppaaaaa,Zppaaaaaa
Zppaaaaa,Zppaaaaap
Zppaaaa,Zppaaaap
Zppaaaap,Zppaaaapa
Zppaaaap,Zppaaaapp
Zppaaapp,Zppaaappd
Zppa,Zppap
Zppap,Zppapa
Zppapa,Zppapaa
Zppapaa,Zppapaaa
Zppapaaa,Zppapaaaa
Zppapaaa,Zppapaaap
Zppapaa,Zppapaap
Zppapaap,Zppapaapa
Zppapaap,Zppapaapp
Zppapa,Zppapap
Zppapap,Zppapapa
Zppapapa,Zppapapaa
Zppapapa,Zppapapap
Zppapap,Zppapapp
Zppapapp,Zppapappd
Zaplaaappp,Zaplaaapppa
Zaplaaapppa,Zaplaaapppap
Zaplaaapppap,Zaplaaapppapa
Zaplaaapppap,Zaplaaapppapp
Zaplaaapppapp,Zaplaaapppappa
Zaplaaappp,Zaplaaapppp
Zaarpapppp,Zaarpappppa
Zaarpappppa,Zaarpappppap
Zaarpappppap,Zaarpappppapa
Zaarpappppap,Zaarpappppapp
Zaarpappppapp,Zaarpappppappa
Zaarpapppp,Zaarpappppp
Zaarppaaapa,Zaarppaaapap
Zaarppaaap,Zaarppaaapp
Zaarppaaapp,Zaarppaaappa
Zaarppaaapp,Zaarppaaappp
Zaarppaaappp,Zaarppaaapppa
Zaarppaaappp,Zaarppaaapppp
Zaarppaaapppp,Zaarppaaappppa
Zaarpppaapa,Zaarpppaapap
Zaarpppaap,Zaarpppaapp
Zaarpppaapp,Zaarpppaappa
Zaarpppaapp,Zaarpppaappp
Zaarpppaappp,Zaarpppaapppa
Zaarpppaappp,Zaarpppaapppp
Zaarpppaapppp,Zaarpppaappppa
Zaarppapaa,Zaarppapaaa
Zaarppapaa,Zaarppapaap
Zaarppapaap,Zaarppapaapa
Zaarppapaapa,Zaarppapaapaa
Zaarppapaapa,Zaarppapaapap
Zaarppapaapap,Zaarppapaapapa
Zaarppapaapap,Zaarppapaapapp
Zaarppapaapapp,Zaarppapaapappa
Zaarppapaap,Zaarppapaapp
Zaarppapaapp,Zaarppapaappa
Zaarppapaapp,Zaarppapaappp
Zaarppapaappp,Zaarppapaapppa
Zaarppapaappp,Zaarppapaapppp
Zaarppapaapppp,Zaarppapaappppa
Zaarppppaa,Zaarppppaaa
Zaarppppaa,Zaarppppaap
Zaarppppaap,Zaarppppaapa
Zaarppppaapa,Zaarppppaapaa
Zaarppppaapa,Zaarppppaapap
Zaarppppaapap,Zaarppppaapapa
Zaarppppaapap,Zaarppppaapapp
Zaarppppaapapp,Zaarppppaapappa
Zaarppppaap,Zaarppppaapp
Zaarppppaapp,Zaarppppaappa
Zaarppppaapp,Zaarppppaappp
Zaarppppaappp,Zaarppppaapppa
Zaarppppaappp,Zaarppppaapppp
Zaarppppaapppp,Zaarppppaappppa
Zaarppapap,Zaarppapapa
Zaarppapap,Zaarppapapp
Zaarppapapp,Zaarppapappa
Zaarppapappa,Zaarppapappaa
Zaarppapappa,Zaarppapappap
Zaarppapappap,Zaarppapappapa
Zaarppapappap,Zaarppapappapp
Zaarppapappapp,Zaarppapappappa
Zaarppapapp,Zaarppapappp
Zaarppapappp,Zaarppapapppa
Zaarppapappp,Zaarppapapppp
Zaarppapapppp,Zaarppapappppa
Zaarppapapppp,Zaarppapappppp
Zaarppapappppp,Zaarppapapppppa
Zaarppppap,Zaarppppapa
Zaarppppap,Zaarppppapp
Zaarppppapp,Zaarppppappa
Zaarppppappa,Zaarppppappaa
Zaarppppappa,Zaarppppappap
Zaarppppappap,Zaarppppappapa
Zaarppppappap,Zaarppppappapp
Zaarppppappapp,Zaarppppappappa
Zaarppppapp,Zaarppppappp
Zaarppppappp,Zaarppppapppa
Zaarppppappp,Zaarppppapppp
Zaarppppapppp,Zaarppppappppa
Zaarppppapppp,Zaarppppappppp
Zaarppppappppp,Zaarppppapppppa
Zaplappapa,Zaplappapaa
Zaplappapa,Zaplappapap
Zaplappapap,Zaplappapapa
Zaplappapapa,Zaplappapapaa
Zaplappapapa,Zaplappapapap
Zaplappapapap,Zaplappapapapa
Zaplappapapap,Zaplappapapapp
Zaplappapapapp,Zaplappapapappa
Zaplappapap,Zaplappapapp
Zaplappapapp,Zaplappapappa
Zaplappapapp,Zaplappapappp
Zaplappapappp,Zaplappapapppa
Zaplappapappp,Zaplappapapppp
Zaplappapapppp,Zaplappapappppa
Zaprappapa,Zaprappapaa
Zaprappapa,Zaprappapap
Zaprappapap,Zaprappapapa
Zaprappapapa,Zaprappapapaa
Zaprappapapa,Zaprappapapap
Zaprappapapap,Zaprappapapapa
Zaprappapapap,Zaprappapapapp
Zaprappapapapp,Zaprappapapappa
Zaprappapap,Zaprappapapp
Zaprappapapp,Zaprappapappa
Zaprappapapp,Zaprappapappp
Zaprappapappp,Zaprappapapppa
Zaprappapappp,Zaprappapapppp
Zaprappapapppp,Zaprappapappppa
Zaarppappa,Zaarppappaa
Zaarppappa,Zaarppappap
Zaarppappap,Zaarppappapa
Zaarppappapa,Zaarppappapaa
Zaarppappapa,Zaarppappapap
Zaarppappapap,Zaarppappapapa
Zaarppappapap,Zaarppappapapp
Zaarppappapapp,Zaarppappapappa
Zaarppappap,Zaarppappapp
Zaarppappapp,Zaarppappappa
Zaarppappapp,Zaarppappappp
Zaarppappappp,Zaarppappapppa
Zaarppappappp,Zaarppappapppp
Zaarppappapppp,Zaarppappappppa
Zaarpppppa,Zaarpppppaa
Zaarpppppa,Zaarpppppap
Zaarpppppap,Zaarpppppapa
Zaarpppppapa,Zaarpppppapaa
Zaarpppppapa,Zaarpppppapap
Zaarpppppapap,Zaarpppppapapa
Zaarpppppapap,Zaarpppppapapp
Zaarpppppapapp,Zaarpppppapappa
Zaarpppppap,Zaarpppppapp
Zaarpppppapp,Zaarpppppappa
Zaarpppppapp,Zaarpppppappp
Zaarpppppappp,Zaarpppppapppa
Zaarpppppappp,Zaarpppppapppp
Zaarpppppapppp,Zaarpppppappppa
Zaplapapaap,Zaplapapaapa
Zaplapapaappp,Zaplapapaapppa
Zaplapapaapppp,Zaplapapaappppa
Zaplapapaappppp,Zaplapapaapppppa
Zaprapapaap,Zaprapapaapa
Zaprapapaappp,Zaprapapaapppa
Zaprapapaapppp,Zaprapapaappppa
Zaprapapaappppp,Zaprapapaapppppa
Zaarppappp,Zaarppapppa
Zaarppappppa,Zaarppappppaa
Zaarppappppapp,Zaarppappppappa
Zaarppappppp,Zaarppapppppa
Zaarpppppp,Zaarppppppa
Zaarpppppppa,Zaarpppppppaa
Zaarpppppppapp,Zaarpppppppappa
Zaarpppppppp,Zaarppppppppa
Zaplapppppa,Zaplapppppaa
Zaplapppppapa,Zaplapppppapaa
Zaprapppppa,Zaprapppppaa
Zaprapppppapa,Zaprapppppapaa
Zaplapapaappppa,Zaplapapaappppaa
Zaplapapaappppa,Zaplapapaappppap
Zaplapapaappppap,Zaplapapaappppapa
Zaprapapaappppa,Zaprapapaappppap
Zaprapapaappppap,Zaprapapaappppapa
Zaarppappppapa,Zaarppappppapaa
Zaarppappppppa,Zaarppappppppaa
Zaarppapppppppa,Zaarppapppppppap
Zaarpppppppapa,Zaarpppppppapaa
Zaarpppppppppa,Zaarpppppppppaa
Zaarppppppppppa,Zaarppppppppppap
Zaplapppppapap,Zaplapppppapapa
Zaplapppppapapp,Zaplapppppapappp
Zaplapppppappaa,Zaplapppppappaap
Zaplapppppappap,Zaplapppppappapp
Zaprapppppapap,Zaprapppppapapa
Zaprapppppapapp,Zaprapppppapappp
Zaprapppppappaa,Zaprapppppappaap
Zaprapppppappap,Zaprapppppappapp
Zppppp,Zpppppa
Zppppp,Zpppppp
Zaplpppapa,Zaplpppapap
Zaprpppapa,Zaprpppapap
Zaplpppp,Zaplppppp
Zaplppppp,Zaplpppppp
Zaplpppppp,Zaplppppppp
Zaprpppp,Zaprppppp
Zaprppppp,Zaprpppppp
Zaprpppppp,Zaprppppppp
Zppapapp,Zppapappv
Zaprapappa,Zaprapappap
Zaprapappap,Zaprapappapa
Zaplapappap,Zaplapappapp
Zaplapappapp,Zaplapappappa
Zaplapappappa,Zaplapappappaa
Zaplapappappa,Zaplapappappap
Zaplapappapp,Zaplapappappp
Zpap,Zpapa
Zpapa,Zpapal
Zpapal,Zpapala
Zpapala,Zpapalaa
Zpapalaa,Zpapalaad
Zpapalaa,Zpapalaav
Zpapala,Zpapalap
Zpapal,Zpapalp
Zpapalp,Zpapalpa
Zpapalp,Zpapalpp
Zpapa,Zpapar
Zpapar,Zpapara
Zpapara,Zpaparaa
Zpaparaa,Zpaparaad
Zpaparaa,Zpaparaav
Zpapara,Zpaparap
Zpapar,Zpaparp
Zpaparp,Zpaparpa
Zpaparp,Zpaparpp
Zpap,Zpapp
Zpapp,Zpappl
Zpappl,Zpappla
Zpappla,Zpapplaa
Zpappla,Zpapplap
Zpappl,Zpapplp
Zpapplp,Zpapplpa
Zpapplp,Zpapplpp
Zpapplpp,Zpapplppa
Zpapplpp,Zpapplppp
Zpapp,Zpappr
Zpappr,Zpappra
Zpappra,Zpappraa
Zpappra,Zpapprap
Zpappr,Zpapprp
Zpapprp,Zpapprpa
Zpapprp,Zpapprpp
Zpapprpp,Zpapprppa
Zpapprpp,Zpapprppp
Zaplppppapal,Zaplppppapalp
Zaplppppapalp,Zaplppppapalpo
Zaplppppapalpo,Zaplppppapalpor
Zaplppppapalpor,ZaplppppapalporU
ZaplppppapalporU,ZaplppppapalporUr
ZaplppppapalporUr,ZaplppppapalporUrp
Zaaraapaaa,Zaaraapaaap
Zaaraappaa,Zaaraappaap
Zaaraaaaaa,Zaaraaaaaap
Zaaraaaaap,Zaaraaaaapp
Zaalpaaaa,Zaalpaaaap
Zaalpaaaap,Zaalpaaaapa
Zaarapaaa,Zaarapaaap
Zaarapaaap,Zaarapaaapa
Zaaraapaa,Zaaraapaap
Zaaraapaap,Zaaraapaapa
Zaaraappa,Zaaraappap
Zaaraappap,Zaaraappapa
Zaalpaaap,Zaalpaaapa
Zaalpaaapa,Zaalpaaapaa
Zaarapaap,Zaarapaapa
Zaarapaapa,Zaarapaapaa
Zaalpaaaaa,Zaalpaaaaap
Zaarapaaaa,Zaarapaaaap
Zpaaaaa,Zpaaaaap
Zpaaaaap,Zpaaaaapa
Zpaaaaapa,Zpaaaaapaa
Zpaaaaapaa,Zpaaaaapaaa
Zpaapaaaa,Zpaapaaaap
Zpaapaaaap,Zpaapaaaapa
Zaalpaapa,Zaalpaapap
Zaalpaapap,Zaalpaapapp
Zaarapaapp,Zaarapaappa
Zaalpappp,Zaalpapppp
Zaalpapppp,Zaalpappppp
Zaarapapp,Zaarapappp
Zaarapappp,Zaarapapppp
Zpaaaaaaap,Zpaaaaaaapp
Zpaapaaaap,Zpaapaaaapp
Zpaaaaapaa,Zpaaaaapaap
Zaaraaapa,Zaaraaapap
Zaaraaapap,Zaaraaapapp
Zpaaaapaa,Zpaaaapaaa
Zpaaaapaaa,Zpaaaapaaaa
Zpaapapaa,Zpaapapaaa
Zpaapapaaa,Zpaapapaaaa
Zpaaaaaapa,Zpaaaaaapap
Zpaapaaap,Zpaapaaapp
Zpaapaaapp,Zpaapaaappa
Zaaraapapa,Zaaraapapap
Zaaraapppa,Zaaraapppap
Zpaaaapaaa,Zpaaaapaaap
Zpaapapaaa,Zpaapapaaap
Zpaapaaapp,Zpaapaaappp
Zpaaaapap,Zpaaaapapp
Zpaaaapapp,Zpaaaapappa
Zpaapapap,Zpaapapapp
Zpaapapapp,Zpaapapappa
Zpaaaaaap,Zpaaaaaapp
Zpaaaaaapp,Zpaaaaaappp
Zpaaaapaap,Zpaaaapaapp
Zpaapapaap,Zpaapapaapp
Zpaaaaapa,Zpaaaaapap
Zpaaaaapap,Zpaaaaapapp
Zaalpaapap,Zaalpaapapa
Zaaraaapap,Zaaraaapapa
Zaalpapppp,Zaalpappppa
Zaaraapaap,Zaaraapaapp
Zaaraappap,Zaaraappapp
Zaarapappp,Zaarapapppa
Zpaaaaapap,Zpaaaaapapa
Zpaapaapa,Zpaapaapap
Zpaapaapap,Zpaapaapapa
Zaalpappap,Zaalpappapp
Zaplppppp,Zaplpppppa
Zaplpppppa,Zaplpppppap
Zaprppppp,Zaprpppppa
Zaprpppppa,Zaprpppppaa
Zppaa,Zppaap
Zppaap,Zppaapa
Zppaapa,Zppaapaa
Zppaapaa,Zppaapaaa
Zppaapaaa,Zppaapaaaa
Zppaapaaa,Zppaapaaap
Zppaapaa,Zppaapaap
Zppaapaap,Zppaapaapa
Zppaapaap,Zppaapaapp
Zppaapa,Zppaapap
Zppaapap,Zppaapapa
Zppaapapa,Zppaapapaa
Zppaapapa,Zppaapapap
Zppaapap,Zppaapapp
Zppaapapp,Zppaapappa
Zppaapapp,Zppaapappp
Zppaap,Zppaapp
Zppaapp,Zppaappa
Zppaappa,Zppaappaa
Zppaappaa,Zppaappaaa
Zppaappaa,Zppaappaap
Zppaappa,Zppaappap
Zppaappap,Zppaappapa
Zppaappap,Zppaappapp
Zppaapp,Zppaappp
Zppaappp,Zppaapppa
Zppaapppa,Zppaapppaa
Zppaapppa,Zppaapppap
Zppaappp,Zppaapppp
Zppaapppp,Zppaappppd
Zppaapppp,Zppaappppv
Zppap,Zppapp
Zppapp,Zppappa
Zppappa,Zppappaa
Zppappaa,Zppappaaa
Zppappaaa,Zppappaaaa
Zppappaaa,Zppappaaap
Zppappaa,Zppappaap
Zppappaap,Zppappaapa
Zppappaap,Zppappaapp
Zppappa,Zppappap
Zppappap,Zppappapa
Zppappapa,Zppappapaa
Zppappapa,Zppappapap
Zppappap,Zppappapp
Zppappapp,Zppappappa
Zppappapp,Zppappappp
Zppapp,Zppappp
Zppappp,Zppapppa
Zppapppa,Zppapppaa
Zppapppaa,Zppapppaaa
Zppapppaa,Zppapppaap
Zppapppa,Zppapppap
Zppapppap,Zppapppapa
Zppapppap,Zppapppapp
Zppappp,Zppapppp
Zppapppp,Zppappppa
Zppappppa,Zppappppaa
Zppappppa,Zppappppap
Zppapppp,Zppappppp
Zppappppp,Zppapppppd
Zppappppp,Zppapppppv
Zpppa,Zpppaa
Zpppaa,Zpppaaa
Zpppaaa,Zpppaaaa
Zpppaaaa,Zpppaaaaa
Zpppaaaa,Zpppaaaap
Zpppaaa,Zpppaaap
Zpppaaap,Zpppaaapa
Zpppaaap,Zpppaaapp
Zpppaa,Zpppaap
Zpppaap,Zpppaapa
Zpppaapa,Zpppaapaa
Zpppaapa,Zpppaapap
Zpppaap,Zpppaapp
Zpppaapp,Zpppaappa
Zpppaappa,Zpppaappaa
Zpppaappa,Zpppaappap
Zpppaapp,Zpppaappp
Zpppaappp,Zpppaapppa
Zpppaappp,Zpppaapppp
Zpppa,Zpppap
Zpppap,Zpppapa
Zpppapa,Zpppapaa
Zpppapaa,Zpppapaaa
Zpppapaa,Zpppapaap
Zpppapa,Zpppapap
Zpppapap,Zpppapapa
Zpppap,Zpppapp
Zpppapp,Zpppappa
Zpppappa,Zpppappap
Zpppappa,Zpppappaa
Zpppapp,Zpppappp
Zpppappp,Zpppapppa
Zpppapppa,Zpppapppaa
Zpppapppa,Zpppapppap
Zpppappp,Zpppapppp
Zpppapppp,Zpppappppa
Zpppapppp,Zpppappppp
Zpaaaap,Zpaaaapp
Zpaaaapp,Zpaaaappp
Zpaaaappp,Zpaaaapppa
Zpaaaapppa,Zpaaaapppaa
Zpaaaapppa,Zpaaaapppap
Zpaaaappp,Zpaaaapppp
Zpaaaapppp,Zpaaaappppa
Zpaaaapppp,Zpaaaappppp
Zpaaapaaa,Zpaaapaaap
Zpaaapapa,Zpaaapapap
Zpaaapap,Zpaaapapp
Zpaaapapp,Zpaaapappa
Zpaaapapp,Zpaaapappp
Zpaaappa,Zpaaappap
Zpaaappap,Zpaaappapp
Zpaaapp,Zpaaappp
Zpaaappp,Zpaaapppa
Zpaaapppa,Zpaaapppaa
Zpaaapppa,Zpaaapppap
Zpaaappp,Zpaaapppp
Zpaaapppp,Zpaaappppa
Zpaaapppp,Zpaaappppp
Zpaapap,Zpaapapp
Zpaapapp,Zpaapappa
Zpaapappa,Zpaapappaa
Zpaapappa,Zpaapappap
Zpaapapp,Zpaapappp
Zpaapappp,Zpaapapppa
Zpaapapppa,Zpaapapppaa
Zpaapapppa,Zpaapapppap
Zpaapappp,Zpaapapppp
Zpaapapppp,Zpaapappppa
Zpaapapppp,Zpaapappppp
Zpaappaaa,Zpaappaaap
Zpaappapa,Zpaappapap
Zpaappap,Zpaappapp
Zpaappapp,Zpaappappa
Zpaappapp,Zpaappappp
Zpaapppa,Zpaapppap
Zpaapppap,Zpaapppapp
Zpaappp,Zpaapppp
Zpaapppp,Zpaappppa
Zpaappppa,Zpaappppaa
Zpaappppa,Zpaappppap
Zpaapppp,Zpaappppp
Zpaappppp,Zpaapppppa
Zpaappppp,Zpaapppppp
Zpaaapaappdl,Zpaaapaappdla
Zpaaapaappdla,Zpaaapaappdlaa
Zpaaapaappdla,Zpaaapaappdlap
Zpaaapaappdlp,Zpaaapaappdlpp
Zpaaapaappdr,Zpaaapaappdra
Zpaaapaappdra,Zpaaapaappdraa
Zpaaapaappdra,Zpaaapaappdrap
Zpaaapaappdrp,Zpaaapaappdrpp
Zpaaapaapp,Zpaaapaappv
Zpaaapaappv,Zpaaapaappvl
Zpaaapaappvl,Zpaaapaappvla
Zpaaapaappvla,Zpaaapaappvlaa
Zpaaapaappvla,Zpaaapaappvlap
Zpaaapaappvl,Zpaaapaappvlp
Zpaaapaappvlp,Zpaaapaappvlpa
Zpaaapaappvlpa,Zpaaapaappvlpap
Zpaaapaappvlp,Zpaaapaappvlpp
Zpaaapaappv,Zpaaapaappvr
Zpaaapaappvr,Zpaaapaappvra
Zpaaapaappvra,Zpaaapaappvraa
Zpaaapaappvra,Zpaaapaappvrap
Zpaaapaappvr,Zpaaapaappvrp
Zpaaapaappvrp,Zpaaapaappvrpa
Zpaaapaappvrpa,Zpaaapaappvrpap
Zpaaapaappvrp,Zpaaapaappvrpp
Zaplpppppa,Zaplpppppaa
Zpaappaa,Zpaappaap
Zpaappaap,Zpaappaapp
Zpaaapaappdlpa,Zpaaapaappdlpaa
Zpaaapaappdlpaa,Zpaaapaappdlpaaa
Zpaaapaappdlpaaa,Zpaaapaappdlpaaaa
Zpaaapaappdlpaaaa,Zpaaapaappdlpaaaap
Zpaaapaappdlpaaa,Zpaaapaappdlpaaap
Zpaaapaappdlpaaap,Zpaaapaappdlpaaapa
Zpaaapaappdlpaaap,Zpaaapaappdlpaaapp
Zpaaapaappdlpaa,Zpaaapaappdlpaap
Zpaaapaappdlpaap,Zpaaapaappdlpaapa
Zpaaapaappdlpaapa,Zpaaapaappdlpaapaa
Zpaaapaappdlpaapa,Zpaaapaappdlpaapap
Zpaaapaappdlpap,Zpaaapaappdlpapa
Zpaaapaappdlpapa,Zpaaapaappdlpapaa
Zpaaapaappdlpapaa,Zpaaapaappdlpapaaa
Zpaaapaappdlpapaa,Zpaaapaappdlpapaap
Zpaaapaappdrpa,Zpaaapaappdrpaa
Zpaaapaappdrpaa,Zpaaapaappdrpaaa
Zpaaapaappdrpaaa,Zpaaapaappdrpaaaa
Zpaaapaappdrpaaaa,Zpaaapaappdrpaaaap
Zpaaapaappdrpaaa,Zpaaapaappdrpaaap
Zpaaapaappdrpaaap,Zpaaapaappdrpaaapa
Zpaaapaappdrpaaap,Zpaaapaappdrpaaapp
Zpaaapaappdrpaa,Zpaaapaappdrpaap
Zpaaapaappdrpaap,Zpaaapaappdrpaapa
Zpaaapaappdrpaapa,Zpaaapaappdrpaapaa
Zpaaapaappdrpaap,Zpaaapaappdrpaapp
Zpaaapaappdrpaapp,Zpaaapaappdrpaappa
Zpaaapaappdrpaapa,Zpaaapaappdrpaapap
Zpaaapaappdrpa,Zpaaapaappdrpap
Zpaaapaappdrpap,Zpaaapaappdrpapa
Zpaaapaappdrpapa,Zpaaapaappdrpapaa
Zpaaapaappdrpapaa,Zpaaapaappdrpapaaa
Zpaaapaappdrpapaa,Zpaaapaappdrpapaap
Zpaaapaappdlpapp,Zpaaapaappdlpappa
Zpaaapaappdlpappa,Zpaaapaappdlpappap
Zpaaapaappdrpap,Zpaaapaappdrpapp
Zpaaapaappdrpapp,Zpaaapaappdrpappa
Zpaaapaappdrpappa,Zpaaapaappdrpappap
Zpaaapaappdlpapa,Zpaaapaappdlpapap
Zpaaapaappdlpapap,Zpaaapaappdlpapapa
Zpaaapaappdrpapa,Zpaaapaappdrpapap
Zpaaapaappdrpapap,Zpaaapaappdrpapapa
Zpaaapaappvlpa,Zpaaapaappvlpaa
Zpaaapaappvlpaa,Zpaaapaappvlpaaa
Zpaaapaappvlpaaa,Zpaaapaappvlpaaaa
Zpaaapaappvlpaaaa,Zpaaapaappvlpaaaaa
Zpaaapaappvlpaaaa,Zpaaapaappvlpaaaap
Zpaaapaappvlpaaa,Zpaaapaappvlpaaap
Zpaaapaappvlpaaap,Zpaaapaappvlpaaapa
Zpaaapaappvlpaaap,Zpaaapaappvlpaaapp
Zpaaapaappvlpaa,Zpaaapaappvlpaap
Zpaaapaappvlpaap,Zpaaapaappvlpaapp
Zpaaapaappvrpa,Zpaaapaappvrpaa
Zpaaapaappvrpaa,Zpaaapaappvrpaaa
Zpaaapaappvrpaaa,Zpaaapaappvrpaaaa
Zpaaapaappvrpaaaa,Zpaaapaappvrpaaaaa
Zpaaapaappvrpaaaa,Zpaaapaappvrpaaaap
Zpaaapaappvrpaaa,Zpaaapaappvrpaaap
Zpaaapaappvrpaaap,Zpaaapaappvrpaaapa
Zpaaapaappvrpaaap,Zpaaapaappvrpaaapp
Zpaaapaappvrpaa,Zpaaapaappvrpaap
Zpaaapaappvrpaap,Zpaaapaappvrpaapp
Zpaaapaappdlpapap,Zpaaapaappdlpapapp
Zpaaapaappdlpappa,Zpaaapaappdlpappaa
Zpaaapaappdrpapap,Zpaaapaappdrpapapp
Zpaaapaappdlpaaaa,Zpaaapaappdlpaaaaa
Zpaaapaappdlpaap,Zpaaapaappdlpaapp
Zpaaapaappdlpaapp,Zpaaapaappdlpaappa
Zpaaapaappdlpaapp,Zpaaapaappdlpaappp
Zpaaapaapp,Zpaaapaappp
Zpaaapaappp,Zpaaapaapppr
Zpaaapaapppr,Zpaaapaappprp
Zpaaapaappprp,Zpaaapaappprpa
Zpaaapaappprpa,Zpaaapaappprpaa
Zpaaapaappprpaa,Zpaaapaappprpaaa
Zpaaapaappprpaaa,Zpaaapaappprpaaaa
Zpaaapaappprpaaaa,Zpaaapaappprpaaaaa
Zpaaapaappdrpaapp,Zpaaapaappdrpaappp
Zpaaapaappdrpappa,Zpaaapaappdrpappaa
Zpaaapaappvlpaap,Zpaaapaappvlpaapa
Zpaaapaappvrpaap,Zpaaapaappvrpaapa
Zaprpppppa,Zaprpppppap
Zpaaapaappvlpaapp,Zpaaapaappvlpaappa
Zpaaapaappvlpaapp,Zpaaapaappvlpaappp
Zpaaapaappvrpaapp,Zpaaapaappvrpaappa
Zpaaapaappvrpaapp,Zpaaapaappvrpaappp
Zpaaapaappvlpaapa,Zpaaapaappvlpaapaa
Zpaaapaappvlpaapa,Zpaaapaappvlpaapap
Zpaaapaappvrpaapa,Zpaaapaappvrpaapaa
Zpaaapaappvrpaapa,Zpaaapaappvrpaapap
Zaprppppapaala,Zaprppppapaalap
Zaprppppapaalap,Zaprppppapaalapa
Zaprppppapaalapa,Zaprppppapaalapaa
Zaprppppapaalapaa,Zaprppppapaalapaad
Zaprppppapaalapa,Zaprppppapaalapap
Zaprppppapaalapap,Zaprppppapaalapapa
Zaprppppapaalapap,Zaprppppapaalapapp
Zaprppppapaalap,Zaprppppapaalapp
Zaprppppapaalapp,Zaprppppapaalappv
Zaprppppapaalpp,Zaprppppapaalppa
Zaprppppapaalppa,Zaprppppapaalppal
Zaprppppapaalppal,Zaprppppapaalppalv
Zaprppppapaarpp,Zaprppppapaarppa
Zaprppppapaarppa,Zaprppppapaarppal
Zaprppppapaarppal,Zaprppppapaarppalv
Zaprppppapaalppal,Zaprppppapaalppald
Zaprppppapaarppal,Zaprppppapaarppald
Zaprppppapaalppa,Zaprppppapaalppar
Zaprppppapaalppar,Zaprppppapaalpparv
Zaprppppapaarppa,Zaprppppapaarppar
Zaprppppapaarppar,Zaprppppapaarpparv
Zaprppppapaalpp,Zaprppppapaalppl
Zaprppppapaarpp,Zaprppppapaarppl
Zaprppppapaalpp,Zaprppppapaalppr
Zaprppppapaarpp,Zaprppppapaarppr
Zaprppppapaara,Zaprppppapaarap
Zaprppppapaarap,Zaprppppapaarapa
Zaprppppapaarapa,Zaprppppapaarapaa
Zaprppppapaarapaa,Zaprppppapaarapaad
Zaprppppapaarapa,Zaprppppapaarapap
Zaprppppapaarapap,Zaprppppapaarapapa
Zaprppppapaarapap,Zaprppppapaarapapp
Zaprppppapaarap,Zaprppppapaarapp
Zaprppppapaarapp,Zaprppppapaarappv
Zaprppppapap,Zaprppppapapa
Zaprppppapapa,Zaprppppapapaa
Zaprppppapapa,Zaprppppapapap
Zaprppppapappp,Zaprppppapapppa
Zaplppppapplv,Zaplppppapplvv
Zaplppppapprv,Zaplppppapprvv
Zaplpapppp,Zaplpappppp
Zaplppppaa,Zaplppppaap
Zaprppppaa,Zaprppppaap
Zaplaaapppa,Zaplaaapppaa
Zaplaaapppapp,Zaplaaapppappp
Zaarpappppa,Zaarpappppaa
Zaarpappppapp,Zaarpappppappp
Zaarppaaapppp,Zaarppaaappppp
Zaarpppaapppp,Zaarpppaappppp
Zaarppapaapapp,Zaarppapaapappp
Zaarppapaapppp,Zaarppapaappppp
Zaarppppaapapp,Zaarppppaapappp
Zaarppppaapppp,Zaarppppaappppp
Zaarppapappapp,Zaarppapappappp
Zaarppapappppp,Zaarppapapppppp
Zaarppppappapp,Zaarppppappappp
Zaarppppappppp,Zaarppppapppppp
Zaplappapapapp,Zaplappapapappp
Zaplappapapppp,Zaplappapappppp
Zaprappapapapp,Zaprappapapappp
Zaprappapapppp,Zaprappapappppp
Zaarppappapapp,Zaarppappapappp
Zaarppappapppp,Zaarppappappppp
Zaarpppppapapp,Zaarpppppapappp
Zaarpppppapppp,Zaarpppppappppp
Zaplapapaappppap,Zaplapapaappppapp
Zaprapapaappppap,Zaprapapaappppapp
Zaplapapaapppppp,Zaplapapaappppppp
Zaprapapaapppppp,Zaprapapaappppppp
Zaarppappppapap,Zaarppappppapapp
Zaarppappppappp,Zaarppappppapppp
Zaarppappppppap,Zaarppappppppapp
Zaarppapppppppp,Zaarppappppppppp
Zaarpppppppapap,Zaarpppppppapapp
Zaarpppppppappp,Zaarpppppppapppp
Zaarpppppppppap,Zaarpppppppppapp
Zaarppppppppppp,Zaarpppppppppppp
Zaplpppppp,Zaplppppppa
Zaprpappp,Zaprpapppp
Zaprpapppp,Zaprpappppp
Zaprpapppp,Zaprpappppa
Zpaapaapap,Zpaapaapapp
Zpaaaapapp,Zpaaaapappp
Zpaapapapp,Zpaapapappp
Zpaaaapp,Zpaaaappa
Zpaaaappa,Zpaaaappaa
Zpaaaaap,Zpaaaaapp
Zpaaaaapp,Zpaaaaappp
Zpaaaappa,Zpaaaappap
