parent,daughter
Z,Za
Zaplapaaaap,Zaplapaaaapp
Zaprapaaaap,Zaprapaaaapp
Zaplapaaaap,Zaplapaaaapa
Zaprapaaaap,Zaprapaaaapa
Zaarppaaa,Zaarppaaaa
Zaarpppaa,Zaarpppaaa
Zaarppaaapa,Zaarppaaapaa
Zaarpppaapa,Zaarpppaapaa
Zaalpppppa,Zaalpppppaa
Zapraaappa,Zapraaappaa
Zaalppppaa,Zaalppppaad
Zapraaapaa,Zapraaapaad
Zaalpppapa,Zaalpppapav
Zapraaaapa,Zapraaaapav
Zaplppaapp,Zaplppaappa
Zaprppaapp,Zaprppaappa
Zaplaapapp,Zaplaapappa
Zapraapapp,Zapraapappa
Zaplpaappp,Zaplpaapppa
Zaprpaappp,Zaprpaapppa
Zaalaaaala,Zaalaaaalal
Zaalaapaaa,Zaalaapaaar
Zaplpapaaa,Zaplpapaaap
Zaprpapaaa,Zaprpapaaap
Zaplapaaapa,Zaplapaaapav
Zaprapaaapa,Zaprapaaapav
Zaalapppaa,Zaalapppaaa
Zaarppaapp,Zaarppaappa
Zaarpppapp,Zaarpppappa
Zaplapappppa,Zaplapappppap
Zaprapappppa,Zaprapappppap
Zaplaapaap,Zaplaapaapp
Zapraapaap,Zapraapaapp
Zaplpaapap,Zaplpaapapa
Zaprpaapap,Zaprpaapapa
Zaprapapaaaa,Zaprapapaaaap
Zppppap,Zppppapa
Zaplapappaap,Zaplapappaapa
Zaalppppppa,Zaalppppppaa
Zapraaapppa,Zapraaapppaa
Zaplaapapa,Zaplaapapap
Zapraapapa,Zapraapapap
Zaplpaappa,Zaplpaappaa
Zaprpaappa,Zaprpaappaa
Zaplaapappp,Zaplaapapppa
Zapraapappp,Zapraapapppa
Zaalppppppp,Zaalpppppppa
Zapraaapppp,Zapraaappppa
Zaalpppappp,Zaalpppapppa
Zapraaaappp,Zapraaaapppa
Zaalppppppp,Zaalpppppppp
Zapraaapppp,Zapraaappppp
Zaalppaaap,Zaalppaaapa
Zaalaappap,Zaalaappapa
Zaplpaapaa,Zaplpaapaap
Zaprpaapaa,Zaprpaapaap
Zaalaaapal,Zaalaaapalr
Zaalaaappr,Zaalaaapprl
Zaalpppaaa,Zaalpppaaaa
Zapraaaaaa,Zapraaaaaaa
Zaprapaapaaa,Zaprapaapaaaa
Zaprpapppa,Zaprpapppap
Zaalapaaaa,Zaalapaaaaa
Zaalappapa,Zaalappapaa
Zaalapappp,Zaalapapppa
Zaalappppp,Zaalapppppa
Zaplpapapa,Zaplpapapap
Zaprpapapa,Zaprpapapap
Zaprpappaa,Zaprpappaap
Zaprapapaaapa,Zaprapapaaapaa
Zaplaapapa,Zaplaapapaa
Zapraapapa,Zapraapapaa
Zaalpppppa,Zaalpppppap
Zapraaappa,Zapraaappap
Zaplpaaaaa,Zaplpaaaaap
Zaprpaaaaa,Zaprpaaaaap
Zaprppppap,Zaprppppapa
Zaalppappa,Zaalppappap
Zaarappppa,Zaarappppap
Zaarppaapp,Zaarppaappp
Zaarpppapp,Zaarpppappp
Zpp,Zppa
Zppppaap,Zppppaapa
Zaplapappaaap,Zaplapappaaapa
Zaalapaaap,Zaalapaaapa
Zaalappapp,Zaalappappa
Zaplaaaaaa,Zaplaaaaaap
Zaarpapaaa,Zaarpapaaap
Zaplpaapap,Zaplpaapapp
Zaprpaapap,Zaprpaapapp
Zaplaaaaapp,Zaplaaaaappa
Zaarpapaapp,Zaarpapaappa
Zaplpaapppp,Zaplpaappppa
Zaprpaapppp,Zaprpaappppa
Zaarpaaaap,Zaarpaaaapp
Zaarpaaapa,Zaarpaaapap
Zaplpaaapa,Zaplpaaapap
Zaprpaaapa,Zaprpaaapap
Zaalapappp,Zaalapapppp
Zaalappppp,Zaalapppppp
Zaalppaapp,Zaalppaappp
Zaalaapapp,Zaalaapappp
Zppppaap,Zppppaapp
Zaplapappaaap,Zaplapappaaapp
Zppp,Zpppa
Zaprppapaa,Zaprppapaap
Zaplppapap,Zaplppapapa
Zaprppapap,Zaprppapapa
Zaplppapap,Zaplppapapp
Zaprppapap,Zaprppapapp
Zaplpppaaa,Zaplpppaaap
Zaprpppaaa,Zaprpppaaap
Zaprpapapp,Zaprpapappp
Zaplpppaaa,Zaplpppaaaa
Zaplpaaaap,Zaplpaaaapp
Zaarappapp,Zaarappappa
Zaprpaaaap,Zaprpaaaapp
Zaprpappap,Zaprpappapp
Zaplpapapp,Zaplpapappp
Zaplppaapp,Zaplppaappp
Zaprppaapp,Zaprppaappp
Zaplppappa,Zaplppappap
Zaprppappa,Zaprppappap
Zaplppappp,Zaplppapppa
Zaprppappp,Zaprppapppa
Zaplppappp,Zaplppapppp
Zaprppappp,Zaprppapppp
Zaprppppap,Zaprppppapp
Zaplpapppaa,Zaplpapppaap
Zppaaapa,Zppaaapaa
Zaprppppapappa,Zaprppppapappap
Zaprppppapapppp,Zaprppppapappppa
Zaplppppapplvd,Zaplppppapplvda
Zaplppppapprvd,Zaplppppapprvda
Zaplppppapala,Zaplppppapalaa
Zaplppppapara,Zaplppppaparaa
Zpa,Zpap
Zaplppppapplvd,Zaplppppapplvda
Zaplppppapprvd,Zaplppppapprvda
Zaplppppapala,Zaplppppapalap
Zaplppppapara,Zaplppppaparap
Zaplppppap,Zaplppppapp
Zaplapaaapa,Zaplapaaapad
Zaprapaaapa,Zaprapaaapad
Zpaaaaaaaa,Zpaaaaaaaal
Zpaaaaaaaa,Zpaaaaaaaar
Zpaaapaaaa,Zpaaapaaaad
Zpaappaaaa,Zpaappaaaad
Zpaaapaaaa,Zpaaapaaaav
Zpaappaaaa,Zpaappaaaav
Zaprpaaaap,Zaprpaaaapa
Zaplapaap,Zaplapaapa
Zaplaaapp,Zaplaaappa
Zaarpappp,Zaarpapppa
Zaplaaapp,Zaplaaappp
Zaarpappp,Zaarpapppp
Zaarppaaa,Zaarppaaap
Zaarpppaa,Zaarpppaap
Zaplapppapp,Zaplapppappa
Zaprapppapp,Zaprapppappa
Zaalpapppa,Zaalpapppaa
Zaarapappa,Zaarapappaa
Zaalpappaap,Zaalpappaapa
Zaarapapaap,Zaarapapaapa
Zpaaaaaaapa,Zpaaaaaaapaa
Zpaaaaaapa,Zpaaaaaapaa
Zaarapapap,Zaarapapapp
Zpaapaaapa,Zpaapaaapaa
Zaalapappaa,Zaalapappaaa
Zaalappppaa,Zaalappppaaa
Zaalapaappa,Zaalapaappaa
Zaalaappppa,Zaalaappppaa
Zaalppapppa,Zaalppapppaa
Zaarapppppa,Zaarapppppaa
Zaalapappa,Zaalapappap
Zaalappppa,Zaalappppap
Zaalapaapp,Zaalapaappp
Zaalaapppp,Zaalaappppp
Zaalppappp,Zaalppapppp
Zaarappppp,Zaarapppppp
Zaalaaapar,Zaalaaaparr
Zaalaaappl,Zaalaaappll
Zaalaaaalp,Zaalaaaalpp
Zaalaapaap,Zaalaapaapp
Zaalppapaa,Zaalppapaap
Zaarapppaa,Zaarapppaap
Zaplaapaaa,Zaplaapaaap
Zapraapaaa,Zapraapaaap
Zaalaaapal,Zaalaaapall
Zaalaaappr,Zaalaaapprr
Zaalppapap,Zaalppapapp
Zaarapppap,Zaarapppapp
Zaplpapppa,Zaplpapppaa
Zaplpapppa,Zaplpapppap
Zaplpapppaa,Zaplpapppaaa
Zaplpppaapa,Zaplpppaapap
Zaprpppaapa,Zaprpppaapap
Zpaaapaap,Zpaaapaapp
Zpaapaapaa,Zpaapaapaaa
Zaaraapapp,Zaaraapappa
Zaaraapppp,Zaaraappppa
Zaaraapapp,Zaaraapappp
Zaaraapppp,Zaaraappppp
Zpaapaaaaa,Zpaapaaaaaa
Zpaapaaapa,Zpaapaaapap
Zaalpaaapp,Zaalpaaappp
Zaarapaapp,Zaarapaappp
Zaaraappaa,Zaaraappaaa
Zpa,Zpaa
Zaaraapapaa,Zaaraapapaav
Zaaraapppaa,Zaaraapppaav
Zaalppppapa,Zaalppppapaa
Zapraaapapa,Zapraaapapaa
Zaalpppaap,Zaalpppaapd
Zapraaaaap,Zapraaaaapd
Zaalapaaap,Zaalapaaapp
Zaalappapp,Zaalappappp
Zaalapapapa,Zaalapapapaa
Zaalapppapa,Zaalapppapaa
Zaplpaaappa,Zaplpaaappaa
Zaprpaaappa,Zaprpaaappaa
Zaarpaaaap,Zaarpaaaapa
Zaarpaaapa,Zaarpaaapaa
Zaalpppaaa,Zaalpppaaap
Zapraaaaaa,Zapraaaaaap
Zaarpaaaaa,Zaarpaaaaal
Zaarpaaaaa,Zaarpaaaaar
Zaalppaaap,Zaalppaaapp
Zaalaappap,Zaalaappapp
Zppp,Zpppp
Zaplapaap,Zaplapaapp
Zaprapaap,Zaprapaapp
Zaplappaa,Zaplappaaa
Zaprappaa,Zaprappaaa
Zaplappaa,Zaplappaap
Zaprappaa,Zaprappaap
Zaplappap,Zaplappapp
Zaprappap,Zaprappapp
Zaplapapa,Zaplapapap
Zaprapapa,Zaprapapap
Zaplapapp,Zaplapappa
Zaprapapp,Zaprapappa
Zaprpppaaaaplpp,Zaprpppaaaaplppd
Zaprpppaaaaprpp,Zaprpppaaaaprppd
Zaprpppaaaaplp,Zaprpppaaaaplpa
Zaprpppaaaaprp,Zaprpppaaaaprpa
Zaprppppapaarpaa,Zaprppppapaarpaaa
Zaprppppapaalpaa,Zaprppppapaalpaaa
Zaprpppaaaapla,Zaprpppaaaaplaa
Zaprpppaaaapra,Zaprpppaaaapraa
Zaprpppaaaaplpp,Zaprpppaaaaplppv
Zaprpppaaaaprpp,Zaprpppaaaaprppv
Zaprpppaaaapla,Zaprpppaaaaplap
Zaprpppaaaapra,Zaprpppaaaaprap
Zaprpppaaa,Zaprpppaaaa
Zaprapappaap,Zaprapappaapa
Zaplapappapap,Zaplapappapapa
Zaplapapaappaa,Zaplapapaappaaa
Zaprapapaappaa,Zaprapapaappaaa
Zaplapapaappap,Zaplapapaappapp
Zaprapapaappap,Zaprapapaappapp
Zaplapapaappap,Zaplapapaappapa
Zaprapapaappap,Zaprapapaappapa
Zaplapappapap,Zaplapappapapp
Zaplpppaap,Zaplpppaapp
Zaprpppaap,Zaprpppaapp
Zaplapppapp,Zaplapppappp
Zaprapppapp,Zaprapppappp
Zaplappppppppa,Zaplappppppppaa
Zaprappppppppa,Zaprappppppppaa
Zaplpppapa,Zaplpppapaa
Zaprpppapa,Zaprpppapaa
Zaplappppppa,Zaplappppppaa
Zaprappppppa,Zaprappppppaa
Zaplappppppa,Zaplappppppap
Zaprappppppa,Zaprappppppap
Zaplapappppa,Zaplapappppaa
Zaprapappppa,Zaprapappppaa
Zaplappppppppa,Zaplappppppppap
Zaprappppppppa,Zaprappppppppap
Zaplapapaaaa,Zaplapapaaaap
Zaplpppaapa,Zaplpppaapaa
Zaprpppaapa,Zaprpppaapaa
Zaplapapaappaap,Zaplapapaappaapa
Zaprapapaappaap,Zaprapapaappaapa
Zaplapapaaapa,Zaplapapaaapaa
Zaplapppppapp,Zaplapppppappp
Zaprapppppapp,Zaprapppppappp
Zaplppppaa,Zaplppppaaa
Zaprppppaa,Zaprppppaaa
Zaplapppaa,Zaplapppaaa
Zaprapppaa,Zaprapppaaa
Zppaaapp,Zppaaappv
Zaplpapppp,Zaplpappppa
Zaplapappapaa,Zaplapappapaaa
Zaplappppppp,Zaplapppppppa
Zaprappppppp,Zaprapppppppa
Zaprapappaaa,Zaprapappaaap
Zaplapappapaa,Zaplapappapaap
Zaplapapaa,Zaplapapaaa
Zaprapapaa,Zaprapapaaa
Zaplapapaappppppaa,Zaplapapaappppppaaa
Zaprapapaappppppaa,Zaprapapaappppppaaa
Zaplapapaappppppap,Zaplapapaappppppapa
Zaprapapaappppppap,Zaprapapaappppppapa
Zaplapapaappppppap,Zaplapapaappppppapp
Zaprapapaappppppap,Zaprapapaappppppapp
Zaarppappppapapaa,Zaarppappppapapaaa
Zaarpppppppapapaa,Zaarpppppppapapaaa
Zaarppappppapapap,Zaarppappppapapapa
Zaarpppppppapapap,Zaarpppppppapapapa
Zaarppappppapapap,Zaarppappppapapapp
Zaarpppppppapapap,Zaarpppppppapapapp
Zaarppappppapppaa,Zaarppappppapppaaa
Zaarpppppppapppaa,Zaarpppppppapppaaa
Zaarppappppapppap,Zaarppappppapppapa
Zaarpppppppapppap,Zaarpppppppapppapa
Zaarppappppapppap,Zaarppappppapppapp
Zaarpppppppapppap,Zaarpppppppapppapp
Zaarppappppppapaa,Zaarppappppppapaaa
Zaarpppppppppapaa,Zaarpppppppppapaaa
Zaarppappppppapap,Zaarppappppppapapa
Zaarpppppppppapap,Zaarpppppppppapapa
Zaarppappppppapap,Zaarppappppppapapp
Zaarpppppppppapap,Zaarpppppppppapapp
Zaarppappppppppaa,Zaarppappppppppaaa
Zaarpppppppppppaa,Zaarpppppppppppaaa
Zaarppappppppppap,Zaarppappppppppapa
Zaarpppppppppppap,Zaarpppppppppppapa
Zaarppappppppppap,Zaarppappppppppapp
Zaarpppppppppppap,Zaarpppppppppppapp
Zaarppapppppppaaa,Zaarppapppppppaaaa
Zaarppppppppppaaa,Zaarppppppppppaaaa
Zaarppapppppppaap,Zaarppapppppppaapa
Zaarppppppppppaap,Zaarppppppppppaapa
Zaarppapppppppaap,Zaarppapppppppaapp
Zaarppppppppppaap,Zaarppppppppppaapp
Zaplapppppapappaa,Zaplapppppapappaaa
Zaprapppppapappaa,Zaprapppppapappaaa
Zaplapppppapappap,Zaplapppppapappapa
Zaprapppppapappap,Zaprapppppapappapa
Zaplapppppapappap,Zaplapppppapappapp
Zaprapppppapappap,Zaprapppppapappapp
Zaplapppppappaaaa,Zaplapppppappaaaaa
Zaprapppppappaaaa,Zaprapppppappaaaaa
Zaplapppppappaaap,Zaplapppppappaaapa
Zaprapppppappaaap,Zaprapppppappaaapa
Zaplapppppappaaap,Zaplapppppappaaapp
Zaprapppppappaaap,Zaprapppppappaaapp
Zaplapppppappapaa,Zaplapppppappapaaa
Zaprapppppappapaa,Zaprapppppappapaaa
Zaplapppppappapap,Zaplapppppappapapa
Zaprapppppappapap,Zaprapppppappapapa
Zaplapppppappapap,Zaplapppppappapapp
Zaprapppppappapap,Zaprapppppappapapp
Zaalapaapa,Zaalapaapaa
Zaalaapppa,Zaalaapppaa
Zaplpaappa,Zaplpaappap
Zaprpaappa,Zaprpaappap
Zaplppaaaap,Zaplppaaaapp
Zaprppaaaap,Zaprppaaaapp
Zaalappaap,Zaalappaapa
Zaplppapaaa,Zaplppapaaap
Zaprppapaaa,Zaprppapaaap
Zaplppappa,Zaplppappaa
Zaprppappa,Zaprppappaa
Zaprpappaa,Zaprpappaaa
Zaplppaapa,Zaplppaapap
Zaprppaapa,Zaprppaapap
Zaalpapaaa,Zaalpapaaaa
Zaarappaaa,Zaarappaaaa
Zaprpapppa,Zaprpapppaa
Zaprpappap,Zaprpappapa
Zaplpaapaa,Zaplpaapaaa
Zaprpaapaa,Zaprpaapaaa
Zaalpapapa,Zaalpapapaa
Zaarappapa,Zaarappapaa
Zaalpppapa,Zaalpppapad
Zapraaaapa,Zapraaaapad
Zaalppapaa,Zaalppapaaa
Zaarapppaa,Zaarapppaaa
Zaalapppaa,Zaalapppaap
Zaalaaaarl,Zaalaaaarlp
Zaalaaaarr,Zaalaaaarrp
Zaplpappaa,Zaplpappaaa
Zaplapaapaa,Zaplapaapaal
Zaplapaapaa,Zaplapaapaar
Zaplapaaap,Zaplapaaapp
Zaprapaaap,Zaprapaaapp
Zaprpaaaapa,Zaprpaaaapal
Zaprpaaaapa,Zaprpaaaapar
Zaalppapap,Zaalppapapa
Zaarapppap,Zaarapppapa
Zaplpaaaaa,Zaplpaaaaaa
Zaprpaaaaa,Zaprpaaaaaa
Zaplppapaa,Zaplppapaap
Zaplppapaaa,Zaplppapaaaa
Zaprppapaaa,Zaprppapaaaa
Zaplapapaaapa,Zaplapapaaapap
Zaprapapaaapa,Zaprapapaaapap
Zaplpapaap,Zaplpapaapa
Zaprpapaap,Zaprpapaapa
Zaplpapapp,Zaplpapappa
Zaprpapapp,Zaprpapappa
Zaplppaaaa,Zaplppaaaaa
Zaprppaaaa,Zaprppaaaaa
Zaplpapaap,Zaplpapaapp
Zaprpapaap,Zaprpapaapp
Zaalpapapap,Zaalpapapapp
Zaarappapap,Zaarappapapp
Zaalpapapp,Zaalpapappp
Zaarappapp,Zaarappappp
Zaplpapaaa,Zaplpapaaaa
Zaprpapaaa,Zaprpapaaaa
Zaalppappa,Zaalppappaa
Zaarappppa,Zaarappppaa
Zaprppppapaalpaa,Zaprppppapaalpaap
Zaprppppapaarpaa,Zaprppppapaarpaap
Zaprppppapaalpapa,Zaprppppapaalpapaa
Zaprppppapaarpapa,Zaprppppapaarpapaa
Zaprppppapaalaald,Zaprppppapaalaalda
Zaprppppapaaraald,Zaprppppapaaraalda
Zaprppppapaaraard,Zaprppppapaaraarda
Zaprppppapaalpapa,Zaprppppapaalpapap
Zaprppppapaarpapa,Zaprppppapaarpapap
Zaprppppapaalaald,Zaprppppapaalaaldp
Zaprppppapaaraald,Zaprppppapaaraaldp
Zaprppppapaalaard,Zaprppppapaalaarda
Zaprppppapaaraard,Zaprppppapaaraarda
Zaprppppapaalppp,Zaprppppapaalpppl
Zaprppppapaarppp,Zaprppppapaarpppl
Zaprppppapaalppp,Zaprppppapaalpppr
Zaprppppapaarppp,Zaprppppapaarpppr
Zaprppppapaalaal,Zaprppppapaalaald
Zaprppppapaaraal,Zaprppppapaaraald
Zaprppppapaalaar,Zaprppppapaalaard
Zaprppppapaaraar,Zaprppppapaaraard
Zaprppppapaalaal,Zaprppppapaalaalv
Zaprppppapaaraal,Zaprppppapaaraalv
Zaprppppapaalaar,Zaprppppapaalaarv
Zaprppppapaaraar,Zaprppppapaaraarv
Zaprppppapaalpap,Zaprppppapaalpapp
Zaprppppapaarpap,Zaprppppapaarpapp
Zaplapppp,Zaplappppp
Zaprapppp,Zaprappppp
Zaplppppap,Zaplppppapa
Zaplaaaaaa,Zaplaaaaaaa
Zaarpapaaa,Zaarpapaaaa
Zaplpaaapa,Zaplpaaapaa
Zaprpaaapa,Zaprpaaapaa
Zaplaapaap,Zaplaapaapa
Zapraapaap,Zapraapaapa
Zaplaaaaapp,Zaplaaaaappp
Zaarpapaapp,Zaarpapaappp
Zaalapapap,Zaalapapapp
Zaalapppap,Zaalapppapp
Zaplpaaapp,Zaplpaaappp
Zaprpaaapp,Zaprpaaappp
Zaarppapa,Zaarppapaa
Zaarppppa,Zaarppppaa
Zaarppapa,Zaarppapap
Zaarppppa,Zaarppppap
Zaplappap,Zaplappapa
Zaprappap,Zaprappapa
Zaarppapp,Zaarppappa
Zaarppppp,Zaarpppppa
Zaplapapaa,Zaplapapaap
Zaprapapaa,Zaprapapaap
Zaarppapp,Zaarppappp
Zaarppppp,Zaarpppppp
Zaprapaapap,Zaprapaapapa
Zppppaaa,Zppppaaaa
Zaplapappaaaa,Zaplapappaaaaa
Zaprapappaaaa,Zaprapappaaaaa
Zaprapaapaaa,Zaprapaapaaap
Zppppaaa,Zppppaaap
Zppppaa,Zppppaap
Zaprapaapap,Zaprapaapapp
Zppppap,Zppppapp
Zaplapappaap,Zaplapappaapp
Zaprapappaap,Zaprapappaapp
Zaprapaap,Zaprapaapa
Zaplaaapa,Zaplaaapaa
Zaarpappa,Zaarpappaa
Zaprpppaaa,Zaprpppaaaa
Zpaapppaa,Zpaapppaap
Zpppp,Zppppp
Zpppp,Zppppa
Zpaaappaa,Zpaaappaap
Zaaraaappp,Zaaraaapppa
Zaalpaappa,Zaalpaappaa
Zaalpapaap,Zaalpapaapa
Zaalpaapaa,Zaalpaapaaa
Zaalpaappa,Zaalpaappap
Zaaraaapaa,Zaaraaapaaa
Zaaraaappa,Zaaraaappaa
Zaaraaappa,Zaaraaappap
Zaarapapap,Zaarapapapa
Zpaaapaappdlp,Zpaaapaappdlpa
Zpaaapaappdrp,Zpaaapaappdrpa
Zpaaapaappdlpapp,Zpaaapaappdlpappp
Zpaaapapaa,Zpaaapapaaa
Zpaappapaa,Zpaappapaaa
Zpaaapapaa,Zpaaapapaap
Zpaappapaa,Zpaappapaap
Zaaraaaapa,Zaaraaaapap
Zaaraaaaaa,Zaaraaaaaaa
Zaaraaaaap,Zaaraaaaapa
Zaalpaapaa,Zaalpaapaap
Zaaraaapaa,Zaaraaapaap
Zaalpappap,Zaalpappapa
Zaaraapaaa,Zaaraapaaaa
Zaalpaaaaa,Zaalpaaaaaa
Zaarapaaaa,Zaarapaaaaa
Zaplpappaa,Zaplpappaap
Zaplpaaaap,Zaplpaaaapa
Zaplpapapa,Zaplpapapaa
Zaprpapapa,Zaprpapapaa
Zaplapaapa,Zaplapaapap
Zpaaaapaapa,Zpaaaapaapaa
Zpaapapaapa,Zpaapapaapaa
Zpaaaaaaapa,Zpaaaaaaapap
Zpaaaapapa,Zpaaaapapaa
Zpaapapapa,Zpaapapapaa
Zpaapppaappp,Zpaapppaapppp
Zpaaappaapaa,Zpaaappaapaaa
Zpaapppaapa,Zpaapppaapaa
Zpaaappaapp,Zpaaappaappp
Zpaapppaapap,Zpaapppaapapa
Zpaapppaappaa,Zpaapppaappaaa
Zpaaappaappa,Zpaaappaappap
Zpaaappaapapp,Zpaaappaapappp
Zpaapppaapappaa,Zpaapppaapappaaa
Zpaapppaapappaa,Zpaapppaapappaap
Zpaapppaapappap,Zpaapppaapappapa
Zpaapppaapappap,Zpaapppaapappapp
Zpaapppaappaapaa,Zpaapppaappaapaaa
Zpaapppaappaapaa,Zpaapppaappaapaap
Zpaapppaappaapap,Zpaapppaappaapapa
Zpaapppaappaapap,Zpaapppaappaapapp
Zpaaappaappaapa,Zpaaappaappaapaa
Zpaaappaappaapa,Zpaaappaappaapap
Zpaaappaappaapp,Zpaaappaappaappa
Zpaaappaappaapp,Zpaaappaappaappp
Zpaaappaapappapa,Zpaaappaapappapaa
Zpaaappaapappapa,Zpaaappaapappapap
Zpaaappaapappapp,Zpaaappaapappappa
Zpaaappaapappapp,Zpaaappaapappappp
Zpaapppaapapppaaa,Zpaapppaapapppaaaa
Zpaapppaapapppaaa,Zpaapppaapapppaaap
Zpaapppaapapppaap,Zpaapppaapapppaapa
Zpaapppaapapppaap,Zpaapppaapapppaapp
Zpaapppaapapppapa,Zpaapppaapapppapaa
Zpaapppaapapppapa,Zpaapppaapapppapap
Zpaapppaapapppap,Zpaapppaapapppapp
Zpaapppaapapppp,Zpaapppaapappppa
Zpaapppaapapppp,Zpaapppaapappppp
Zpaapppaappaappaaa,Zpaapppaappaappaaaa
Zpaapppaappaappaaa,Zpaapppaappaappaaap
Zpaapppaappaappaap,Zpaapppaappaappaapa
Zpaapppaappaappaap,Zpaapppaappaappaapp
Zpaapppaappaappapa,Zpaapppaappaappapaa
Zpaapppaappaappapa,Zpaapppaappaappapap
Zpaapppaappaappap,Zpaapppaappaappapp
Zpaapppaappaappp,Zpaapppaappaapppa
Zpaapppaappaappp,Zpaapppaappaapppp
Zpaapppaappapaaa,Zpaapppaappapaaad
Zpaapppaappapaaa,Zpaapppaappapaaav
Zpaapppaappapaap,Zpaapppaappapaapv
Zpaaappaapapaaaa,Zpaaappaapapaaaad
Zpaaappaapapaaaa,Zpaaappaapapaaaav
Zpaaappaapapaaap,Zpaaappaapapaaapv
Zpaaappaappaaaa,Zpaaappaappaaaaa
Zpaaappaappaaaa,Zpaaappaappaaaap
Zpaaappaappaaapa,Zpaaappaappaaapaa
Zpaaappaappaaapap,Zpaaappaappaaapapa
Zpaaappaappaaapap,Zpaaappaappaaapapp
Zpaaappaappaaappa,Zpaaappaappaaappaa
Zpaaappaappaaappa,Zpaaappaappaaappap
Zpaaappaappaaappp,Zpaaappaappaaapppa
Zpaaappaappaaappp,Zpaaappaappaaapppp
Zpaaappaapappaaa,Zpaaappaapappaaaa
Zpaaappaapappaaa,Zpaaappaapappaaap
Zpaaappaapappaapa,Zpaaappaapappaapaa
Zpaaappaapappaapap,Zpaaappaapappaapapa
Zpaaappaapappaapap,Zpaaappaapappaapapp
Zpaaappaapappaappa,Zpaaappaapappaappaa
Zpaaappaapappaappa,Zpaaappaapappaappap
Zpaaappaapappaappp,Zpaaappaapappaapppa
Zpaaappaapappaappp,Zpaaappaapappaapppp
Zpaaappaapapappa,Zpaaappaapapappav
Zpaaappaapapappp,Zpaaappaapapapppd
Zpaaappaapapappp,Zpaaappaapapapppv
Zpaapppaappapppa,Zpaapppaappapppav
Zpaapppaappapppp,Zpaapppaappappppd
Zpaapppaappapppp,Zpaapppaappappppv
Zpaapppaappapaap,Zpaapppaappapaapd
Zpaapppaappapapaa,Zpaapppaappapapaaa
Zpaapppaapppaaaa,Zpaapppaapppaaaaa
Zpaapppaapppaaap,Zpaapppaapppaaapa
Zpaaappaapapaaap,Zpaaappaapapaaapd
Zpaaappaapapaapaa,Zpaaappaapapaapaaa
Zpaapppaappappapp,Zpaapppaappappappp
Zpaapppaappapppa,Zpaapppaappapppad
Zpaaappaapapapapp,Zpaaappaapapapappp
Zpaaappaapapappa,Zpaaappaapapappad
Zpaaappaapaapppa,Zpaaappaapaapppap
Zpaaappaapaapppp,Zpaaappaapaappppp
Zpaapppaappapapaa,Zpaapppaappapapaap
Zpaapppaappapapap,Zpaapppaappapapapa
Zpaapppaappapapap,Zpaapppaappapapapp
Zpaapppaappapappa,Zpaapppaappapappaa
Zpaapppaappapappa,Zpaapppaappapappap
Zpaapppaappapappp,Zpaapppaappapapppa
Zpaapppaappapappp,Zpaapppaappapapppp
Zpaapppaappappaaa,Zpaapppaappappaaaa
Zpaapppaappappaaa,Zpaapppaappappaaap
Zpaapppaappappaap,Zpaapppaappappaapa
Zpaapppaappappaap,Zpaapppaappappaapp
Zpaapppaappappapa,Zpaapppaappappapaa
Zpaapppaappappapa,Zpaapppaappappapap
Zpaapppaappappapp,Zpaapppaappappappa
Zpaaappaapapaapaa,Zpaaappaapapaapaap
Zpaaappaapapaapap,Zpaaappaapapaapapa
Zpaaappaapapaapap,Zpaaappaapapaapapp
Zpaaappaapapaappa,Zpaaappaapapaappaa
Zpaaappaapapaappa,Zpaaappaapapaappap
Zpaaappaapapaappp,Zpaaappaapapaapppa
Zpaaappaapapaappp,Zpaaappaapapaapppp
Zpaaappaapapapaaa,Zpaaappaapapapaaaa
Zpaaappaapapapaaa,Zpaaappaapapapaaap
Zpaaappaapapapaap,Zpaaappaapapapaapa
Zpaaappaapapapaap,Zpaaappaapapapaapp
Zpaaappaapapapapa,Zpaaappaapapapapaa
Zpaaappaapapapapa,Zpaaappaapapapapap
Zpaaappaapapapapp,Zpaaappaapapapappa
Zpaapppaapppaaaa,Zpaapppaapppaaaap
Zpaapppaapppaaap,Zpaapppaapppaaapp
Zpaapppaapppaapa,Zpaapppaapppaapaa
Zpaapppaapppaapa,Zpaapppaapppaapap
Zpaapppaapppaapp,Zpaapppaapppaappa
Zpaapppaapppaapp,Zpaapppaapppaappp
Zpaapppaapppapaa,Zpaapppaapppapaaa
Zpaapppaapppapaa,Zpaapppaapppapaap
Zpaapppaapppapap,Zpaapppaapppapapa
Zpaapppaapppapap,Zpaapppaapppapapp
Zpaapppaapppapp,Zpaapppaapppappd
Zpaapppaappppaa,Zpaapppaappppaad
Zpaapppaappppaa,Zpaapppaappppaav
Zpaapppaappppap,Zpaapppaappppapd
Zpaapppaappppap,Zpaapppaappppapv
Zpaapppaapppppa,Zpaapppaapppppad
Zpaapppaapppppa,Zpaapppaapppppav
Zpaapppaappppppa,Zpaapppaappppppaa
Zpaapppaappppppa,Zpaapppaappppppap
Zpaapppaappppppp,Zpaapppaapppppppa
Zpaapppaappppppp,Zpaapppaapppppppp
Zpaaappaapaapaa,Zpaaappaapaapaad
Zpaaappaapaapaa,Zpaaappaapaapaav
Zpaaappaapaapap,Zpaaappaapaapapd
Zpaaappaapaapap,Zpaaappaapaapapv
Zpaaappaapaappaa,Zpaaappaapaappaaa
Zpaaappaapaappaa,Zpaaappaapaappaap
Zpaaappaapaappap,Zpaaappaapaappapa
Zpaaappaapaappap,Zpaaappaapaappapp
Zpaaappaapaapppa,Zpaaappaapaapppaa
Zpaaappaapaapppp,Zpaaappaapaappppa
Zpaapppaapppapa,Zpaapppaapppapad
Zpaapppaapppapa,Zpaapppaapppapav
Zpaapppaapppapp,Zpaapppaapppappv
Zpaaappaapaaaaaa,Zpaaappaapaaaaaaa
Zpaaappaapaaaaaa,Zpaaappaapaaaaaap
Zpaaappaapaaaaap,Zpaaappaapaaaaapa
Zpaaappaapaaaaap,Zpaaappaapaaaaapp
Zpaaappaapaaaap,Zpaaappaapaaaapd
Zpaaappaapaaaap,Zpaaappaapaaaapv
Zpaaappaapaaapa,Zpaaappaapaaapad
Zpaaappaapaaapa,Zpaaappaapaaapav
Zpaaappaapaaapp,Zpaaappaapaaappv
Zpaaappaapaaapp,Zpaaappaapaaappd
Zpaaappaapaapapa,Zpaaappaapaapapaa
Zpaaappaapaapapa,Zpaaappaapaapapap
Zpaaappaapaapapp,Zpaaappaapaapappa
Zpaaappaapaapapp,Zpaaappaapaapappp
Zpaaappaapaapppp,Zpaaappaapaappppp
Zpaaappaapaapppa,Zpaaappaapaapppap
Zpaapppaap,Zpaapppaapa
Zpaapppaap,Zpaapppaapp
Zpaapppaappa,Zpaapppaappaa
Zpaaappaapaa,Zpaaappaapaaa
Zpaapppaapppaaaa,Zpaapppaapppaaaaa
Zpaapppaapppaaaa,Zpaapppaapppaaaap
Zpaapppaapppaaa,Zpaapppaapppaaap
Zpaapppaapppaa,Zpaapppaapppaap
Zpaapppaapppa,Zpaapppaapppap
Zpaapppaappppaaa,Zpaapppaappppaaaa
Zpaapppaappppaaa,Zpaapppaappppaaap
Zpaapppaappppaa,Zpaapppaappppaap
Zpaapppaappppa,Zpaapppaappppap
Zpaapppaapppp,Zpaapppaappppp
Zpaapppaappapp,Zpaapppaappappp
Zpaaappaapaaap,Zpaaappaapaaapp
Zpaaappaapaapp,Zpaaappaapaappp
Zpaaappaapapaaaa,Zpaaappaapapaaaaa
Zpaaappaapapaaaa,Zpaaappaapapaaaap
Zpaaappaapapaaa,Zpaaappaapapaaap
Zpaaappaapapaa,Zpaaappaapapaap
Zpaaappaapapa,Zpaaappaapapap
Zpaaappaapappaaa,Zpaaappaapappaaaa
Zpaaappaapappaaa,Zpaaappaapappaaap
Zpaaappaapappaa,Zpaaappaapappaap
Zpaaappaapappa,Zpaaappaapappap
Zpaaappaapapp,Zpaaappaapappp
Zpaapppaappaap,Zpaapppaappaapp
Zpaapppaappapaaa,Zpaapppaappapaaaa
Zpaapppaappapaaa,Zpaapppaappapaaap
Zpaapppaappapaapa,Zpaapppaappapaapaa
Zpaapppaappapaapa,Zpaapppaappapaapap
Zpaapppaappapaappa,Zpaapppaappapaappaa
Zpaapppaappapaappa,Zpaapppaappapaappap
Zpaapppaappapaapp,Zpaapppaappapaappp
Zpaapppaappapap,Zpaapppaappapapa
Zpaapppaappapap,Zpaapppaappapapp
Zpaapppaappapp,Zpaapppaappappa
Zpaaappaapaaaaaa,Zpaaappaapaaaaaaa
Zpaaappaapaaaaaa,Zpaaappaapaaaaaap
Zpaaappaapaaaaapa,Zpaaappaapaaaaapaa
Zpaaappaapaaaaapa,Zpaaappaapaaaaapap
Zpaaappaapaaaaappa,Zpaaappaapaaaaappaa
Zpaaappaapaaaaappa,Zpaaappaapaaaaappap
Zpaaappaapaaaaapp,Zpaaappaapaaaaappp
Zpaaappaapaaaap,Zpaaappaapaaaapa
Zpaaappaapaaaap,Zpaaappaapaaaapp
Zpaaappaapaaap,Zpaaappaapaaapa
Zpaaappaapaapaaa,Zpaaappaapaapaaaa
Zpaaappaapaapaaa,Zpaaappaapaapaaap
Zpaaappaapaapaapa,Zpaaappaapaapaapaa
Zpaaappaapaapaapa,Zpaaappaapaapaapap
Zpaaappaapaapaappa,Zpaaappaapaapaappaa
Zpaaappaapaapaappa,Zpaaappaapaapaappap
Zpaaappaapaapaapp,Zpaaappaapaapaappp
Zpaaappaapaapap,Zpaaappaapaapapa
Zpaaappaapaapap,Zpaaappaapaapapp
Zpaaappaapaapp,Zpaaappaapaappa
Zpaapppaappaaaaa,Zpaapppaappaaaaaa
Zpaapppaappaaaaa,Zpaapppaappaaaaap
Zpaapppaappaaaapa,Zpaapppaappaaaapaa
Zpaapppaappaaaapa,Zpaapppaappaaaapap
Zpaapppaappaaaappa,Zpaapppaappaaaappaa
Zpaapppaappaaaappa,Zpaapppaappaaaappap
Zpaapppaappaaaapp,Zpaapppaappaaaappp
Zpaapppaappaaap,Zpaapppaappaaapa
Zpaapppaappaaap,Zpaapppaappaaapp
Zpaapppaappaap,Zpaapppaappaapa
Zpaaappaa,Zpaaappaaa
Zaalpaappp,Zaalpaapppa
Zaaraaappp,Zaaraaapppp
Zaarappaap,Zaarappaapa
Zaalpaappp,Zaalpaapppp
Zaalpapaaa,Zaalpapaaap
Zaplaapaaa,Zaplaapaaaa
Zapraapaaa,Zapraapaaaa
Zaarpapap,Zaarpapapa
Zaplaappa,Zaplaappaa
Zapraappa,Zapraappaa
Zaarpappa,Zaarpappap
Zaplaaapa,Zaplaaapap
Zaarpaapa,Zaarpaapaa
Zaarpapap,Zaarpapapp
Zaplaaaap,Zaplaaaapa
Zaplaaaap,Zaplaaaapp
Zaplaappa,Zaplaappap
Zapraappa,Zapraappap
Zaarpaapa,Zaarpaapap
Zaarpaapp,Zaarpaappa
Zaarpaapp,Zaarpaappp
Zaarppaap,Zaarppaapa
Zaarpppap,Zaarpppapa
Zaplaappp,Zaplaapppa
Zaplaappp,Zaplaapppp
Zaplapppp,Zaplappppa
Zapraappp,Zapraapppa
Zapraappp,Zapraapppp
Zaprapppp,Zaprappppa
Zppaaaaa,Zppaaaaaa
Zppaaaaa,Zppaaaaap
Zppaaaap,Zppaaaapa
Zppaaaap,Zppaaaapp
Zppaaapp,Zppaaappd
Zppapaaa,Zppapaaaa
Zppapaaa,Zppapaaap
Zppapaap,Zppapaapa
Zppapaap,Zppapaapp
Zppapapa,Zppapapaa
Zppapapa,Zppapapap
Zppapapp,Zppapappd
Zaplaaapppap,Zaplaaapppapa
Zaplaaapppapp,Zaplaaapppappa
Zaplaaappp,Zaplaaapppp
Zaarpappppap,Zaarpappppapa
Zaarpappppapp,Zaarpappppappa
Zaarpapppp,Zaarpappppp
Zaarppaaapa,Zaarppaaapap
Zaarppaaapp,Zaarppaaappa
Zaarppaaappp,Zaarppaaapppa
Zaarppaaapppp,Zaarppaaappppa
Zaarpppaapa,Zaarpppaapap
Zaarpppaapp,Zaarpppaappa
Zaarpppaappp,Zaarpppaapppa
Zaarpppaapppp,Zaarpppaappppa
Zaarppapaa,Zaarppapaaa
Zaarppapaapa,Zaarppapaapaa
Zaarppapaapap,Zaarppapaapapa
Zaarppapaapapp,Zaarppapaapappa
Zaarppapaapp,Zaarppapaappa
Zaarppapaappp,Zaarppapaapppa
Zaarppapaapppp,Zaarppapaappppa
Zaarppppaa,Zaarppppaaa
Zaarppppaapa,Zaarppppaapaa
Zaarppppaapap,Zaarppppaapapa
Zaarppppaapapp,Zaarppppaapappa
Zaarppppaapp,Zaarppppaappa
Zaarppppaappp,Zaarppppaapppa
Zaarppppaapppp,Zaarppppaappppa
Zaarppapap,Zaarppapapa
Zaarppapappa,Zaarppapappaa
Zaarppapappap,Zaarppapappapa
Zaarppapappapp,Zaarppapappappa
Zaarppapappp,Zaarppapapppa
Zaarppapapppp,Zaarppapappppa
Zaarppapappppp,Zaarppapapppppa
Zaarppppap,Zaarppppapa
Zaarppppappa,Zaarppppappaa
Zaarppppappap,Zaarppppappapa
Zaarppppappapp,Zaarppppappappa
Zaarppppappp,Zaarppppapppa
Zaarppppapppp,Zaarppppappppa
Zaarppppappppp,Zaarppppapppppa
Zaplappapa,Zaplappapaa
Zaplappapapa,Zaplappapapaa
Zaplappapapap,Zaplappapapapa
Zaplappapapapp,Zaplappapapappa
Zaplappapapp,Zaplappapappa
Zaplappapappp,Zaplappapapppa
Zaplappapapppp,Zaplappapappppa
Zaprappapa,Zaprappapaa
Zaprappapapa,Zaprappapapaa
Zaprappapapap,Zaprappapapapa
Zaprappapapapp,Zaprappapapappa
Zaprappapapp,Zaprappapappa
Zaprappapappp,Zaprappapapppa
Zaprappapapppp,Zaprappapappppa
Zaarppappa,Zaarppappaa
Zaarppappapa,Zaarppappapaa
Zaarppappapap,Zaarppappapapa
Zaarppappapapp,Zaarppappapappa
Zaarppappapp,Zaarppappappa
Zaarppappappp,Zaarppappapppa
Zaarppappapppp,Zaarppappappppa
Zaarpppppa,Zaarpppppaa
Zaarpppppapa,Zaarpppppapaa
Zaarpppppapap,Zaarpppppapapa
Zaarpppppapapp,Zaarpppppapappa
Zaarpppppapp,Zaarpppppappa
Zaarpppppappp,Zaarpppppapppa
Zaarpppppapppp,Zaarpppppappppa
Zaplapapaap,Zaplapapaapa
Zaplapapaappp,Zaplapapaapppa
Zaplapapaapppp,Zaplapapaappppa
Zaplapapaappppp,Zaplapapaapppppa
Zaprapapaap,Zaprapapaapa
Zaprapapaappp,Zaprapapaapppa
Zaprapapaapppp,Zaprapapaappppa
Zaprapapaappppp,Zaprapapaapppppa
Zaarppappp,Zaarppapppa
Zaarppappppa,Zaarppappppaa
Zaarppappppap,Zaarppappppapa
Zaarppappppapp,Zaarppappppappa
Zaarppappppp,Zaarppapppppa
Zaarppapppppp,Zaarppappppppa
Zaarppappppppp,Zaarppapppppppa
Zaarpppppp,Zaarppppppa
Zaarpppppppa,Zaarpppppppaa
Zaarpppppppap,Zaarpppppppapa
Zaarpppppppapp,Zaarpppppppappa
Zaarpppppppp,Zaarppppppppa
Zaarppppppppp,Zaarpppppppppa
Zaarpppppppppp,Zaarppppppppppa
Zaplapppppa,Zaplapppppaa
Zaplapppppapa,Zaplapppppapaa
Zaplapppppapa,Zaplapppppapap
Zaprapppppa,Zaprapppppaa
Zaprapppppapa,Zaprapppppapaa
Zaprapppppapa,Zaprapppppapap
Zaplapapaappppa,Zaplapapaappppaa
Zaplapapaappppap,Zaplapapaappppapa
Zaprapapaappppap,Zaprapapaappppapa
Zaarppappppapa,Zaarppappppapaa
Zaarppappppppa,Zaarppappppppaa
Zaarppapppppppa,Zaarppapppppppap
Zaarpppppppapa,Zaarpppppppapaa
Zaarpppppppppa,Zaarpppppppppaa
Zaarppppppppppa,Zaarppppppppppap
Zaplapppppapap,Zaplapppppapapa
Zaplapppppapapp,Zaplapppppapappp
Zaplapppppappaa,Zaplapppppappaap
Zaplapppppappap,Zaplapppppappapp
Zaprapppppapap,Zaprapppppapapa
Zaprapppppapapp,Zaprapppppapappp
Zaprapppppappaa,Zaprapppppappaap
Zaprapppppappap,Zaprapppppappapp
Zppppp,Zpppppa
Zppppp,Zpppppp
Zaplapappa,Zaplapappap
Zpppp,Zppppp
Zaplpppapa,Zaplpppapap
Zaprpppapa,Zaprpppapap
Zaplpppppp,Zaplppppppp
Zaprpppppp,Zaprppppppp
Zppapapp,Zppapappv
Zaprapappap,Zaprapappapa
Zaplapappappa,Zaplapappappaa
Zaplapappappa,Zaplapappappap
Zaplapappapp,Zaplapappappp
Zpapalaa,Zpapalaad
Zpapalaa,Zpapalaav
Zpapala,Zpapalap
Zpapalp,Zpapalpa
Zpapalp,Zpapalpp
Zpaparaa,Zpaparaad
Zpaparaa,Zpaparaav
Zpapara,Zpaparap
Zpaparp,Zpaparpa
Zpaparp,Zpaparpp
Zpappla,Zpapplaa
Zpappla,Zpapplap
Zpapplp,Zpapplpa
Zpapplpp,Zpapplppa
Zpapplpp,Zpapplppp
Zpappra,Zpappraa
Zpappra,Zpapprap
Zpapprp,Zpapprpa
Zpapprpp,Zpapprppa
Zpapprpp,Zpapprppp
ZaplppppapalporUr,ZaplppppapalporUrp
Zaaraapaaa,Zaaraapaaap
Zaaraappaa,Zaaraappaap
Zaaraaaaaa,Zaaraaaaaap
Zaaraaaaap,Zaaraaaaapp
Zaalpaaaap,Zaalpaaaapa
Zaarapaaap,Zaarapaaapa
Zaaraapaap,Zaaraapaapa
Zaaraappap,Zaaraappapa
Zaalpaaapa,Zaalpaaapaa
Zaarapaapa,Zaarapaapaa
Zaalpaaaaa,Zaalpaaaaap
Zaarapaaaa,Zaarapaaaap
Zpaaaaapaa,Zpaaaaapaaa
Zpaapaaaap,Zpaapaaaapa
Zaalpaapap,Zaalpaapapp
Zaarapaapp,Zaarapaappa
Zaalpapppp,Zaalpappppp
Zaarapappp,Zaarapapppp
Zpaaaaaaap,Zpaaaaaaapp
Zpaapaaaap,Zpaapaaaapp
Zpaaaaapaa,Zpaaaaapaap
Zaaraaapap,Zaaraaapapp
Zpaaaapaaa,Zpaaaapaaaa
Zpaapapaaa,Zpaapapaaaa
Zpaaaaaapa,Zpaaaaaapap
Zpaapaaapp,Zpaapaaappa
Zaaraapapa,Zaaraapapap
Zaaraapppa,Zaaraapppap
Zpaaaapaaa,Zpaaaapaaap
Zpaapapaaa,Zpaapapaaap
Zpaapaaapp,Zpaapaaappp
Zpaaaapapp,Zpaaaapappa
Zpaapapapp,Zpaapapappa
Zpaaaaaapp,Zpaaaaaappp
Zpaaaapaap,Zpaaaapaapp
Zpaapapaap,Zpaapapaapp
Zpaaaaapap,Zpaaaaapapp
Zaalpaapap,Zaalpaapapa
Zaaraaapap,Zaaraaapapa
Zaalpapppp,Zaalpappppa
Zaaraapaap,Zaaraapaapp
Zaaraappap,Zaaraappapp
Zaarapappp,Zaarapapppa
Zpaaaaapap,Zpaaaaapapa
Zpaapaapap,Zpaapaapapa
Zaalpappap,Zaalpappapp
Zaplpppppa,Zaplpppppap
Zaprpppppa,Zaprpppppaa
Zppaapaaa,Zppaapaaaa
Zppaapaaa,Zppaapaaap
Zppaapaap,Zppaapaapa
Zppaapaap,Zppaapaapp
Zppaapapa,Zppaapapaa
Zppaapapa,Zppaapapap
Zppaapapp,Zppaapappa
Zppaapapp,Zppaapappp
Zppaappaa,Zppaappaaa
Zppaappaa,Zppaappaap
Zppaappap,Zppaappapa
Zppaappap,Zppaappapp
Zppaapppa,Zppaapppaa
Zppaapppa,Zppaapppap
Zppaapppp,Zppaappppd
Zppaapppp,Zppaappppv
Zppappaaa,Zppappaaaa
Zppappaaa,Zppappaaap
Zppappaap,Zppappaapa
Zppappaap,Zppappaapp
Zppappapa,Zppappapaa
Zppappapa,Zppappapap
Zppappapp,Zppappappa
Zppappapp,Zppappappp
Zppapppaa,Zppapppaaa
Zppapppaa,Zppapppaap
Zppapppap,Zppapppapa
Zppapppap,Zppapppapp
Zppappppa,Zppappppaa
Zppappppa,Zppappppap
Zppappppp,Zppapppppd
Zppappppp,Zppapppppv
Zpppaaaa,Zpppaaaaa
Zpppaaaa,Zpppaaaap
Zpppaaap,Zpppaaapa
Zpppaaap,Zpppaaapp
Zpppaapa,Zpppaapaa
Zpppaapa,Zpppaapap
Zpppaappa,Zpppaappaa
Zpppaappa,Zpppaappap
Zpppaappp,Zpppaapppa
Zpppaappp,Zpppaapppp
Zpppapaa,Zpppapaaa
Zpppapaa,Zpppapaap
Zpppapap,Zpppapapa
Zpppappa,Zpppappap
Zpppappa,Zpppappaa
Zpppapppa,Zpppapppaa
Zpppapppa,Zpppapppap
Zpppapppp,Zpppappppa
Zpppapppp,Zpppappppp
Zpaaaapppa,Zpaaaapppaa
Zpaaaapppa,Zpaaaapppap
Zpaaaapppp,Zpaaaappppa
Zpaaaapppp,Zpaaaappppp
Zpaaapaaa,Zpaaapaaap
Zpaaapapa,Zpaaapapap
Zpaaapapp,Zpaaapappa
Zpaaapapp,Zpaaapappp
Zpaaappap,Zpaaappapp
Zpaaapppa,Zpaaapppaa
Zpaaapppa,Zpaaapppap
Zpaaapppp,Zpaaappppa
Zpaaapppp,Zpaaappppp
Zpaapappa,Zpaapappaa
Zpaapappa,Zpaapappap
Zpaapapppa,Zpaapapppaa
Zpaapapppa,Zpaapapppap
Zpaapapppp,Zpaapappppa
Zpaapapppp,Zpaapappppp
Zpaappaaa,Zpaappaaap
Zpaappapa,Zpaappapap
Zpaappapp,Zpaappappa
Zpaappapp,Zpaappappp
Zpaapppap,Zpaapppapp
Zpaappppa,Zpaappppaa
Zpaappppa,Zpaappppap
Zpaappppp,Zpaapppppa
Zpaappppp,Zpaapppppp
Zpaaapaappdla,Zpaaapaappdlaa
Zpaaapaappdla,Zpaaapaappdlap
Zpaaapaappdlp,Zpaaapaappdlpp
Zpaaapaappdra,Zpaaapaappdraa
Zpaaapaappdra,Zpaaapaappdrap
Zpaaapaappdrp,Zpaaapaappdrpp
Zpaaapaappvla,Zpaaapaappvlaa
Zpaaapaappvla,Zpaaapaappvlap
Zpaaapaappvlpa,Zpaaapaappvlpap
Zpaaapaappvlp,Zpaaapaappvlpp
Zpaaapaappvra,Zpaaapaappvraa
Zpaaapaappvra,Zpaaapaappvrap
Zpaaapaappvrpa,Zpaaapaappvrpap
Zpaaapaappvrp,Zpaaapaappvrpp
Zaplpppppa,Zaplpppppaa
Zpaappaap,Zpaappaapp
Zpaaapaappdlpaaaa,Zpaaapaappdlpaaaap
Zpaaapaappdlpaaap,Zpaaapaappdlpaaapa
Zpaaapaappdlpaaap,Zpaaapaappdlpaaapp
Zpaaapaappdlpaapa,Zpaaapaappdlpaapaa
Zpaaapaappdlpaapa,Zpaaapaappdlpaapap
Zpaaapaappdlpapaa,Zpaaapaappdlpapaaa
Zpaaapaappdlpapaa,Zpaaapaappdlpapaap
Zpaaapaappdrpaaaa,Zpaaapaappdrpaaaap
Zpaaapaappdrpaaap,Zpaaapaappdrpaaapa
Zpaaapaappdrpaaap,Zpaaapaappdrpaaapp
Zpaaapaappdrpaapa,Zpaaapaappdrpaapaa
Zpaaapaappdrpaapp,Zpaaapaappdrpaappa
Zpaaapaappdrpaapa,Zpaaapaappdrpaapap
Zpaaapaappdrpapaa,Zpaaapaappdrpapaaa
Zpaaapaappdrpapaa,Zpaaapaappdrpapaap
Zpaaapaappdlpappa,Zpaaapaappdlpappap
Zpaaapaappdrpappa,Zpaaapaappdrpappap
Zpaaapaappdlpapap,Zpaaapaappdlpapapa
Zpaaapaappdrpapap,Zpaaapaappdrpapapa
Zpaaapaappvlpaaaa,Zpaaapaappvlpaaaaa
Zpaaapaappvlpaaaa,Zpaaapaappvlpaaaap
Zpaaapaappvlpaaap,Zpaaapaappvlpaaapa
Zpaaapaappvlpaaap,Zpaaapaappvlpaaapp
Zpaaapaappvlpaap,Zpaaapaappvlpaapp
Zpaaapaappvrpaaaa,Zpaaapaappvrpaaaaa
Zpaaapaappvrpaaaa,Zpaaapaappvrpaaaap
Zpaaapaappvrpaaap,Zpaaapaappvrpaaapa
Zpaaapaappvrpaaap,Zpaaapaappvrpaaapp
Zpaaapaappvrpaap,Zpaaapaappvrpaapp
Zpaaapaappdlpapap,Zpaaapaappdlpapapp
Zpaaapaappdlpappa,Zpaaapaappdlpappaa
Zpaaapaappdrpapap,Zpaaapaappdrpapapp
Zpaaapaappdrpappa,Zpaaapaappdrpappap
Zpaaapaappdlpaaaa,Zpaaapaappdlpaaaaa
Zpaaapaappdlpaapp,Zpaaapaappdlpaappa
Zpaaapaappdlpaapp,Zpaaapaappdlpaappp
Zpaaapaappprpaaaa,Zpaaapaappprpaaaaa
Zpaaapaappdrpaapp,Zpaaapaappdrpaappp
Zpaaapaappdrpappa,Zpaaapaappdrpappaa
Zpaaapaappvlpaap,Zpaaapaappvlpaapa
Zpaaapaappvrpaap,Zpaaapaappvrpaapa
Zaprpppppa,Zaprpppppap
Zpaaapaappvlpaaaa,Zpaaapaappvlpaaaaa
Zpaaapaappvlpaaaa,Zpaaapaappvlpaaaap
Zpaaapaappvlpaapp,Zpaaapaappvlpaappa
Zpaaapaappvlpaapp,Zpaaapaappvlpaappp
Zpaaapaappvrpaaaa,Zpaaapaappvrpaaaaa
Zpaaapaappvrpaaaa,Zpaaapaappvrpaaaap
Zpaaapaappvrpaapp,Zpaaapaappvrpaappa
Zpaaapaappvrpaapp,Zpaaapaappvrpaappp
Zpaaapaappvlpaaap,Zpaaapaappvlpaaapa
Zpaaapaappvlpaaap,Zpaaapaappvlpaaapp
Zpaaapaappvlpaapa,Zpaaapaappvlpaapaa
Zpaaapaappvlpaapa,Zpaaapaappvlpaapap
Zpaaapaappvrpaaap,Zpaaapaappvrpaaapa
Zpaaapaappvrpaaap,Zpaaapaappvrpaaapp
Zpaaapaappvrpaapa,Zpaaapaappvrpaapaa
Zpaaapaappvrpaapa,Zpaaapaappvrpaapap
Zaprppppapaalaal,Zaprppppapaalaalv
Zaprppppapaaraal,Zaprppppapaaraalv
Zaprppppapaalaar,Zaprppppapaalaarv
Zaprppppapaaraar,Zaprppppapaaraarv
Zaprppppapaalapaa,Zaprppppapaalapaad
Zaprppppapaalapap,Zaprppppapaalapapa
Zaprppppapaalapap,Zaprppppapaalapapp
Zaprppppapaalapp,Zaprppppapaalappv
Zaprppppapaalppal,Zaprppppapaalppalv
Zaprppppapaarppal,Zaprppppapaarppalv
Zaprppppapaalppal,Zaprppppapaalppald
Zaprppppapaarppal,Zaprppppapaarppald
Zaprppppapaalppar,Zaprppppapaalpparv
Zaprppppapaarppar,Zaprppppapaarpparv
Zaprppppapaalpp,Zaprppppapaalppl
Zaprppppapaarpp,Zaprppppapaarppl
Zaprppppapaalpp,Zaprppppapaalppr
Zaprppppapaarpp,Zaprppppapaarppr
Zaprppppapaarapaa,Zaprppppapaarapaad
Zaprppppapaarapap,Zaprppppapaarapapa
Zaprppppapaarapap,Zaprppppapaarapapp
Zaprppppapaarapp,Zaprppppapaarappv
Zaprppppapapa,Zaprppppapapaa
Zaprppppapapa,Zaprppppapapap
Zaprppppapappp,Zaprppppapapppa
Zaplppppapplv,Zaplppppapplvv
Zaplppppapprv,Zaplppppapprvv
Zaplpapppp,Zaplpappppp
Zaplppppaa,Zaplppppaap
Zaprppppaa,Zaprppppaap
Zaplaaapppa,Zaplaaapppaa
Zaplaaapppapp,Zaplaaapppappp
Zaarpappppa,Zaarpappppaa
Zaarpappppapp,Zaarpappppappp
Zaarppaaapppp,Zaarppaaappppp
Zaarpppaapppp,Zaarpppaappppp
Zaarppapaapapp,Zaarppapaapappp
Zaarppapaapppp,Zaarppapaappppp
Zaarppppaapapp,Zaarppppaapappp
Zaarppppaapppp,Zaarppppaappppp
Zaarppapappapp,Zaarppapappappp
Zaarppapappppp,Zaarppapapppppp
Zaarppppappapp,Zaarppppappappp
Zaarppppappppp,Zaarppppapppppp
Zaplappapapapp,Zaplappapapappp
Zaplappapapppp,Zaplappapappppp
Zaprappapapapp,Zaprappapapappp
Zaprappapapppp,Zaprappapappppp
Zaarppappapapp,Zaarppappapappp
Zaarppappapppp,Zaarppappappppp
Zaarpppppapapp,Zaarpppppapappp
Zaarpppppapppp,Zaarpppppappppp
Zaplapapaappppp,Zaplapapaapppppp
Zaprapapaappppp,Zaprapapaapppppp
Zaarppappppapp,Zaarppappppappp
Zaarppappppppp,Zaarppapppppppp
Zaarpppppppapp,Zaarpppppppappp
Zaarpppppppppp,Zaarppppppppppp
Zaplapppppapp,Zaplapppppappa
Zaprapppppapp,Zaprapppppappa
Zaplapapaappppap,Zaplapapaappppapp
Zaprapapaappppap,Zaprapapaappppapp
Zaplapapaapppppp,Zaplapapaappppppp
Zaprapapaapppppp,Zaprapapaappppppp
Zaarppappppapap,Zaarppappppapapp
Zaarppappppappp,Zaarppappppapppp
Zaarppappppppap,Zaarppappppppapp
Zaarppapppppppp,Zaarppappppppppp
Zaarpppppppapap,Zaarpppppppapapp
Zaarpppppppappp,Zaarpppppppapppp
Zaarpppppppppap,Zaarpppppppppapp
Zaarppppppppppp,Zaarpppppppppppp
Zaplpppppp,Zaplppppppa
Zaprpapppp,Zaprpappppp
Zaprpapppp,Zaprpappppa
Zpaapaapap,Zpaapaapapp
Zpaaaapapp,Zpaaaapappp
Zpaapapapp,Zpaapapappp
Zpaaaappa,Zpaaaappaa
Zpaaaaapp,Zpaaaaappp
Zpaaaappa,Zpaaaappap
